date_added,clean,persistent_id,name,kind,podcast,bitrate,play_date_utc,unplayed,comments,track_number,location,track_id,play_count,size,artwork_count,track_type,album,date_modified,release_date,genre,sample_rate,total_time,play_date,year,artist
2021-12-30 22:58:18,True,81D9D2B45262E880,1: Gethsemane,,True,,2019-05-15 21:57:30,True,,,http://media.blubrry.com/denversnufferpodcast/denversnufferpodcast.com/episodes/001_Gethsemane_v2.mp3,7210,,37077914,,URL,Denver Snuffer Podcast,,2018-01-29 03:47:55,Podcast,,1515000,3640780650,,Denver Snuffer
2021-12-30 22:58:18,True,DBB51B283E1790B2,2: Fellowship Diversity,,True,,2019-05-15 21:57:30,True,,,http://media.blubrry.com/denversnufferpodcast/denversnufferpodcast.com/episodes/002_Fellowship-Diversity_v1.mp3,7212,,18242211,,URL,Denver Snuffer Podcast,,2018-01-29 17:55:46,Podcast,,730000,3640780650,,Denver Snuffer
2021-12-30 22:58:18,True,10AA5480C7D8F831,3: Who is Christ?,,True,,2019-05-15 21:57:30,True,,,http://media.blubrry.com/denversnufferpodcast/denversnufferpodcast.com/episodes/003_Who-is-Christ_v2.mp3,7214,,31709061,,URL,Denver Snuffer Podcast,,2018-01-31 17:29:35,Podcast,,1550000,3640780650,,Denver Snuffer
2021-12-30 22:58:18,True,56EC4F7E8F7932BB,4: Contradicting Joseph,,True,,2019-05-15 21:57:30,True,,,http://media.blubrry.com/denversnufferpodcast/denversnufferpodcast.com/episodes/004_Contradicting-Joseph_v1.mp3,7216,,26333854,,URL,Denver Snuffer Podcast,,2018-02-04 20:31:44,Podcast,,1281000,3640780650,,Denver Snuffer
2021-12-30 22:58:18,True,E3B8E706D13D8E51,5: Faith,,True,,2019-05-15 21:57:30,True,,,http://media.blubrry.com/denversnufferpodcast/denversnufferpodcast.com/episodes/005_Faith_v1.mp3,7218,,40180844,,URL,Denver Snuffer Podcast,,2018-02-11 21:00:22,Podcast,,1973000,3640780650,,Denver Snuffer
2021-12-30 22:58:18,True,B51A87DDEB4CE74C,6: Repentance,,True,,2019-05-15 21:57:30,True,,,http://media.blubrry.com/denversnufferpodcast/denversnufferpodcast.com/episodes/006_Repentance_v1.mp3,7220,,35116223,,URL,Denver Snuffer Podcast,,2018-02-18 18:27:24,Podcast,,1720000,3640780650,,Denver Snuffer
2021-12-30 22:58:18,True,3748A17349A40961,7: Baptism,,True,,2019-05-15 21:57:30,True,,,http://media.blubrry.com/denversnufferpodcast/denversnufferpodcast.com/episodes/007_Baptism_v1.mp3,7222,,35405660,,URL,Denver Snuffer Podcast,,2018-02-25 19:42:52,Podcast,,1734000,3640780650,,Denver Snuffer
2021-12-30 22:58:18,,F69B29C0B517B3A7,8: Baptism of Fire,,True,,2020-02-03 16:42:40,True,,,http://media.blubrry.com/denversnufferpodcast/denversnufferpodcast.com/episodes/008_Baptism-of-Fire_v1.mp3,7224,,11807158,,URL,Denver Snuffer Podcast,,2018-03-04 19:36:58,Podcast,,555000,3663567760,,Denver Snuffer
2021-12-30 22:58:18,,23D0A0A1BF5FD8FB,9: Embracing Truth,,True,,2019-05-15 21:57:30,True,,,http://media.blubrry.com/denversnufferpodcast/denversnufferpodcast.com/episodes/009_Embracing-Truth_v1.mp3,7226,,39359551,,URL,Denver Snuffer Podcast,,2018-03-11 17:57:20,Podcast,,1932000,3640780650,,Denver Snuffer
2021-12-30 22:58:18,True,86C3DE5877935F99,10: Tithing,,True,,2019-05-15 21:57:30,True,,,http://media.blubrry.com/denversnufferpodcast/denversnufferpodcast.com/episodes/010_Tithing_v1.mp3,7228,,42387666,,URL,Denver Snuffer Podcast,,2018-03-18 14:15:49,Podcast,,2084000,3640780650,,Denver Snuffer
2021-12-30 22:58:18,True,1D7D79994E125B2A,11: Sacrament,,True,,2019-05-15 21:57:30,True,,,http://media.blubrry.com/denversnufferpodcast/denversnufferpodcast.com/episodes/011_Sacrament_v1.mp3,7230,,11597136,,URL,Denver Snuffer Podcast,,2018-03-25 20:45:31,Podcast,,544000,3640780650,,Denver Snuffer
2021-12-30 22:58:18,True,0BCBD2D243B6352C,12: Resurrection Morning,,True,,2019-05-15 21:57:30,True,,,http://media.blubrry.com/denversnufferpodcast/denversnufferpodcast.com/episodes/012_Resurrection_Morning_v1.mp3,7232,,22390931,,URL,Denver Snuffer Podcast,,2018-04-01 11:45:21,Podcast,,1084000,3640780650,,Denver Snuffer
2021-12-30 22:58:18,True,370324F9B6C26B24,13: Our Dispensation,,True,,2019-05-15 21:57:30,True,,,http://media.blubrry.com/denversnufferpodcast/denversnufferpodcast.com/episodes/013_Our-Dispensation_v1.mp3,7234,,28344759,,URL,Denver Snuffer Podcast,,2018-04-08 15:07:16,Podcast,,1381000,3640780650,,Denver Snuffer
2021-12-30 22:58:18,True,FED8092D5D45370D,14: The Heavens,,True,,2019-05-15 21:57:30,True,,,http://media.blubrry.com/denversnufferpodcast/denversnufferpodcast.com/episodes/014_The-Heavens_v1.mp3,7236,,55058099,,URL,Denver Snuffer Podcast,,2018-04-15 23:18:55,Podcast,,2717000,3640780650,,Denver Snuffer
2021-12-30 22:58:18,True,65273B2E5E04ED2D,15: Jacob’s Ladder,,True,,2019-05-15 21:57:30,True,,,http://media.blubrry.com/denversnufferpodcast/denversnufferpodcast.com/episodes/015_Jacobs-Ladder_v1.mp3,7238,,47211437,,URL,Denver Snuffer Podcast,,2018-04-22 16:50:36,Podcast,,2325000,3640780650,,Denver Snuffer
2021-12-30 22:58:18,True,5F31938ECB68C0CA,16: The Remnant,,True,,2019-05-15 21:57:30,True,,,http://media.blubrry.com/denversnufferpodcast/denversnufferpodcast.com/episodes/016_The-Remnant_v1.mp3,7240,,44217805,,URL,Denver Snuffer Podcast,,2018-04-29 16:28:33,Podcast,,2175000,3640780650,,Denver Snuffer
2021-12-30 22:58:18,True,EDB96647C292C4E9,17: Prayer – Part 1,,True,,2019-05-15 21:57:30,True,,,http://media.blubrry.com/denversnufferpodcast/denversnufferpodcast.com/episodes/017_Prayer-1_v1.mp3,7242,,60447029,,URL,Denver Snuffer Podcast,,2018-05-06 20:57:09,Podcast,,2987000,3640780650,,Denver Snuffer
2021-12-30 22:58:18,True,3458AB3E140DF6B1,18: Prayer – Part 2,,True,,2019-05-15 21:57:30,True,,,http://media.blubrry.com/denversnufferpodcast/denversnufferpodcast.com/episodes/018_Prayer-2_v1.mp3,7244,,53570684,,URL,Denver Snuffer Podcast,,2018-05-13 13:14:23,Podcast,,2643000,3640780650,,Denver Snuffer
2021-12-30 22:58:18,True,C631879C1325BE42,19: Angels – Part 1,,True,,2019-05-15 21:57:30,True,,,http://media.blubrry.com/denversnufferpodcast/denversnufferpodcast.com/episodes/019_Angels-1_v1.mp3,7246,,46616889,,URL,Denver Snuffer Podcast,,2018-05-20 22:37:52,Podcast,,2295000,3640780650,,Denver Snuffer
2021-12-30 22:58:18,True,ACD25D5F957F8C41,20: Angels – Part 2,,True,,2019-05-15 21:57:30,True,,,http://media.blubrry.com/denversnufferpodcast/denversnufferpodcast.com/episodes/020_Angels-2_v2.mp3,7248,,48800597,,URL,Denver Snuffer Podcast,,2018-05-27 17:05:43,Podcast,,2404000,3640780650,,Denver Snuffer
2021-12-30 22:58:18,True,1205FD1150921530,21: Angels – Part 3,,True,,2019-05-15 21:57:30,True,,,http://media.blubrry.com/denversnufferpodcast/denversnufferpodcast.com/episodes/021_Angels-3_v1.mp3,7250,,40637332,,URL,Denver Snuffer Podcast,,2018-06-03 13:41:16,Podcast,,1996000,3640780650,,Denver Snuffer
2021-12-30 22:58:18,True,062303282F3FB67F,22: New Jerusalem,,True,,2019-05-15 21:57:30,True,,,http://media.blubrry.com/denversnufferpodcast/denversnufferpodcast.com/episodes/022_New-Jerusalem_v1.mp3,7252,,57078408,,URL,Denver Snuffer Podcast,,2018-06-10 14:21:05,Podcast,,2818000,3640780650,,Denver Snuffer
2021-12-30 22:58:18,True,8A80EA49EB903629,23: Growing Zion,,True,,2019-05-15 21:57:30,True,,,http://media.blubrry.com/denversnufferpodcast/denversnufferpodcast.com/episodes/023_Growing-Zion_v1.mp3,7254,,35513804,,URL,Denver Snuffer Podcast,,2018-06-17 14:57:21,Podcast,,1740000,3640780650,,Denver Snuffer
2021-12-30 22:58:18,True,319FC08ED5896C6D,24: Visions,,True,,2019-05-15 21:57:30,True,,,http://media.blubrry.com/denversnufferpodcast/denversnufferpodcast.com/episodes/024_Visions_v1.mp3,7256,,24211665,,URL,Denver Snuffer Podcast,,2018-06-24 15:05:35,Podcast,,1175000,3640780650,,Denver Snuffer
2021-12-30 22:58:18,True,788F8A406F889FD3,25: Sacrifice,,True,,2019-05-15 21:57:30,True,,,http://media.blubrry.com/denversnufferpodcast/denversnufferpodcast.com/episodes/025_Sacrifice_v1.mp3,7258,,72182408,,URL,Denver Snuffer Podcast,,2018-07-01 20:30:36,Podcast,,3573000,3640780650,,Denver Snuffer
2021-12-30 22:58:18,True,0133EF0EAD6251E8,26: Defending Zion,,True,,2019-05-15 21:57:30,True,,,http://media.blubrry.com/denversnufferpodcast/denversnufferpodcast.com/episodes/026_Defending-Zion_v1.mp3,7260,,45678049,,URL,Denver Snuffer Podcast,,2018-07-08 18:35:04,Podcast,,2248000,3640780650,,Denver Snuffer
2021-12-30 22:58:18,True,6FFFBF9097771735,27: Generation,,True,,2019-05-15 21:57:30,True,,,http://media.blubrry.com/denversnufferpodcast/denversnufferpodcast.com/episodes/027_Generation_v1.mp3,7262,,43811339,,URL,Denver Snuffer Podcast,,2018-07-15 19:30:18,Podcast,,2155000,3640780650,,Denver Snuffer
2021-12-30 22:58:18,True,9124E55B28FBA8AD,28: Adam-ondi-Ahman,,True,,2019-05-15 21:57:30,True,,,http://media.blubrry.com/denversnufferpodcast/denversnufferpodcast.com/episodes/028_Adam-ondi-Ahman_v1.mp3,7264,,47165900,,URL,Denver Snuffer Podcast,,2018-07-23 01:10:56,Podcast,,2322000,3640780650,,Denver Snuffer
2021-12-30 22:58:18,True,F07500C16A515BEA,29: Patriarchal Blessings,,True,,2019-05-15 21:57:30,True,,,http://media.blubrry.com/denversnufferpodcast/denversnufferpodcast.com/episodes/029_Patriarchal-Blessings_v1.mp3,7266,,26861005,,URL,Denver Snuffer Podcast,,2018-08-05 17:31:21,Podcast,,1307000,3640780650,,Denver Snuffer
2021-12-30 22:58:18,True,5AA9D0C8E2113D29,30: How the Restoration Has Fallen!,,True,,2019-05-15 21:57:30,True,,,http://media.blubrry.com/denversnufferpodcast/denversnufferpodcast.com/episodes/030_How-the-Restoration-Has-Fallen_v1.mp3,7268,,59329119,,URL,Denver Snuffer Podcast,,2018-08-08 14:15:33,Podcast,,2931000,3640780650,,Denver Snuffer
2021-12-30 22:58:18,True,00917259B6A993E9,31: Priestcraft,,True,,2019-05-15 21:57:30,True,,,http://media.blubrry.com/denversnufferpodcast/denversnufferpodcast.com/episodes/031_Priestcraft_v1.mp3,7270,,63559389,,URL,Denver Snuffer Podcast,,2018-08-17 04:18:22,Podcast,,3142000,3640780650,,Denver Snuffer
2021-12-30 22:58:18,True,089B0AC5E25CB7E0,"32: Temple, Part 1",,True,,2019-05-15 21:57:30,True,,,http://media.blubrry.com/denversnufferpodcast/denversnufferpodcast.com/episodes/032_Temple_1_v1.mp3,7272,,64451212,,URL,Denver Snuffer Podcast,,2018-09-01 23:28:31,Podcast,,3187000,3640780650,,Denver Snuffer
2021-12-30 22:58:18,True,6780F6F90F543DE8,"33: Temple, Part 2",,True,,2019-05-15 21:57:30,True,,,http://media.blubrry.com/denversnufferpodcast/denversnufferpodcast.com/episodes/033_Temple_2_v1.mp3,7274,,66867538,,URL,Denver Snuffer Podcast,,2018-09-04 20:05:09,Podcast,,3308000,3640780650,,Denver Snuffer
2021-12-30 22:58:18,True,72CC811206602A3D,34: Dances with Wolves,,True,,2019-05-15 21:57:30,True,,,http://media.blubrry.com/denversnufferpodcast/denversnufferpodcast.com/episodes/034_Dances_with_Wolves_v1.mp3,7276,,33371768,,URL,Denver Snuffer Podcast,,2018-09-12 03:54:02,Podcast,,1633000,3640780650,,Denver Snuffer
2021-12-30 22:58:18,True,8026520CAD2A67C9,"35: Temple, Part 3",,True,,2019-05-15 21:57:30,True,,,http://media.blubrry.com/denversnufferpodcast/denversnufferpodcast.com/episodes/035_Temple_3_v1.mp3,7278,,55760274,,URL,Denver Snuffer Podcast,,2018-09-16 13:55:58,Podcast,,2752000,3640780650,,Denver Snuffer
2021-12-30 22:58:18,True,33B766E69D090CE4,"36: Temple, Part 4",,True,,2019-05-15 21:57:30,True,,,http://media.blubrry.com/denversnufferpodcast/denversnufferpodcast.com/episodes/036_Temple_4_v1.mp3,7280,,47363474,,URL,Denver Snuffer Podcast,,2018-09-19 13:50:51,Podcast,,2332000,3640780650,,Denver Snuffer
2021-12-30 22:58:18,True,7AED618676BC1BA4,"37: Temple, Part 5",,True,,2019-05-15 21:57:30,True,,,http://media.blubrry.com/denversnufferpodcast/denversnufferpodcast.com/episodes/037_Temple_5_v1.mp3,7282,,64153939,,URL,Denver Snuffer Podcast,,2018-09-23 13:54:14,Podcast,,3172000,3640780650,,Denver Snuffer
2021-12-30 22:58:18,True,64E67E2520A57206,"38: Temple, Part 6",,True,,2019-05-15 21:57:30,True,,,http://media.blubrry.com/denversnufferpodcast/denversnufferpodcast.com/episodes/038_Temple_6_v1.mp3,7284,,68912405,,URL,Denver Snuffer Podcast,,2018-09-26 13:45:25,Podcast,,3410000,3640780650,,Denver Snuffer
2021-12-30 22:58:18,True,9D1CB6345601E3C8,39: Babylon,,True,,2019-05-15 21:57:30,True,,,http://media.blubrry.com/denversnufferpodcast/denversnufferpodcast.com/episodes/039_Babylon_v1.mp3,7286,,41887161,,URL,Denver Snuffer Podcast,,2018-10-07 13:00:56,Podcast,,2059000,3640780650,,Denver Snuffer
2021-12-30 22:58:18,True,73AA7BB3A69707A7,40: Interpreting Scripture,,True,,2019-05-15 21:57:30,True,,,http://media.blubrry.com/denversnufferpodcast/denversnufferpodcast.com/episodes/040_Interpreting-Scripture_v1.mp3,7288,,44768468,,URL,Denver Snuffer Podcast,,2018-10-14 13:10:53,Podcast,,2203000,3640780650,,Denver Snuffer
2021-12-30 22:58:18,True,3C4674746752E545,41: The Journey,,True,,2020-02-03 16:42:14,True,,,http://media.blubrry.com/denversnufferpodcast/denversnufferpodcast.com/episodes/041_The-Journey_v1.mp3,7290,,54249788,,URL,Denver Snuffer Podcast,,2018-10-21 13:17:16,Podcast,,2676000,3663567734,,Denver Snuffer
2021-12-30 22:58:18,True,EF6703E33CD8CE9F,42: Cycles of Creation,,True,,2020-02-03 16:42:04,True,,,http://media.blubrry.com/denversnufferpodcast/denversnufferpodcast.com/episodes/042_Cycles_of_Creation_v1.mp3,7292,,96072957,,URL,Denver Snuffer Podcast,,2018-10-28 19:15:37,Podcast,,4768000,3663567724,,Denver Snuffer
2021-12-30 22:58:18,True,76C2873E2DF30AD7,43: Gathering Truth,,True,,2020-02-03 16:41:57,True,,,http://media.blubrry.com/denversnufferpodcast/denversnufferpodcast.com/episodes/043_Gathering-Truth_v1.mp3,7294,,56579472,,URL,Denver Snuffer Podcast,,2018-11-04 18:51:12,Podcast,,2793000,3663567717,,Denver Snuffer
2021-12-30 22:58:18,True,E68B25A502551A45,44: Breaking the Chains,,True,,2020-02-03 16:41:51,True,,,http://media.blubrry.com/denversnufferpodcast/denversnufferpodcast.com/episodes/044_Breaking-the-Chains_v1.mp3,7296,,43578853,,URL,Denver Snuffer Podcast,,2018-11-12 01:09:45,Podcast,,2143000,3663567711,,Denver Snuffer
2021-12-30 22:58:18,True,412FA6FC86F08D75,45: Denying the Power,,True,,2019-05-15 21:58:36,True,,,http://media.blubrry.com/denversnufferpodcast/denversnufferpodcast.com/episodes/045_Denying-the-Power_v1.mp3,7298,,38012159,,URL,Denver Snuffer Podcast,,2018-11-12 01:30:03,Podcast,,1865000,3640780716,,Denver Snuffer
2021-12-30 22:58:18,True,6241ECD7E6A28861,"46: Charity, Part 1",,True,,2020-02-03 16:41:44,True,,,http://media.blubrry.com/denversnufferpodcast/denversnufferpodcast.com/episodes/046_Charity_Part-1_v1.mp3,7300,,53570167,,URL,Denver Snuffer Podcast,,2018-11-25 23:32:50,Podcast,,2643000,3663567704,,Denver Snuffer
2021-12-30 22:58:18,True,C154D3690C1B57F5,"47: Charity, Part 2",,True,,2020-02-03 16:41:33,True,,,http://media.blubrry.com/denversnufferpodcast/denversnufferpodcast.com/episodes/047_Charity_Part-2_v1.mp3,7302,,54201808,,URL,Denver Snuffer Podcast,,2018-11-26 00:31:20,Podcast,,2674000,3663567693,,Denver Snuffer
2021-12-30 22:58:18,True,238B7087DBF086DB,48: Prophecy,,True,,2020-02-03 16:41:25,True,,,http://media.blubrry.com/denversnufferpodcast/denversnufferpodcast.com/episodes/048_Prophecy_v1.mp3,7304,,80210362,,URL,Denver Snuffer Podcast,,2018-12-03 01:11:07,Podcast,,3975000,3663567685,,Denver Snuffer
2021-12-30 22:58:18,True,572F9E2439728DCA,49: Ordinances,,True,,2020-02-03 16:41:18,True,,,http://media.blubrry.com/denversnufferpodcast/denversnufferpodcast.com/episodes/049_Ordinances_v1.mp3,7306,,87808338,,URL,Denver Snuffer Podcast,,2018-12-17 01:20:31,Podcast,,4355000,3663567678,,Denver Snuffer
2021-12-30 22:58:18,True,A1D3057C01D300AE,50: Celebrating Christ,,True,,2020-02-03 16:41:06,True,,,http://media.blubrry.com/denversnufferpodcast/denversnufferpodcast.com/episodes/050_Celebrating-Christ_v1.mp3,7308,,32542641,,URL,Denver Snuffer Podcast,,2018-12-23 13:31:40,Podcast,,1591000,3663567666,,Denver Snuffer
2021-12-30 22:58:18,True,1E15B24DAB44A288,"51: Discernment, Part 1",,True,,2020-01-02 15:36:49,True,,,http://media.blubrry.com/denversnufferpodcast/denversnufferpodcast.com/episodes/051_Discernment-Part-1_v1.mp3,7310,,41355830,,URL,Denver Snuffer Podcast,,2019-01-06 13:41:15,Podcast,,2032000,3660799009,,Denver Snuffer
2021-12-30 22:58:18,True,2E946FE0DF5D650F,"52: Discernment, Part 2",,True,,2020-01-02 15:36:39,True,,,http://media.blubrry.com/denversnufferpodcast/denversnufferpodcast.com/episodes/052_Discernment-Part-2_v1.mp3,7312,,47369741,,URL,Denver Snuffer Podcast,,2019-01-13 13:07:28,Podcast,,2333000,3660798999,,Denver Snuffer
2021-12-30 22:58:18,True,EC16153580F021E9,"53: Discernment, Part 3",,True,,2020-01-02 15:36:30,True,,,http://media.blubrry.com/denversnufferpodcast/denversnufferpodcast.com/episodes/053_Discernment-Part-3_v1.mp3,7314,,21040925,,URL,Denver Snuffer Podcast,,2019-01-20 13:14:35,Podcast,,1016000,3660798990,,Denver Snuffer
2021-12-30 22:58:18,True,243826BACEAD276A,"54: Abraham, Part 1",,True,,2020-01-02 15:36:18,True,,,http://media.blubrry.com/denversnufferpodcast/denversnufferpodcast.com/episodes/054_Abraham-Part-1_v1.mp3,7316,,55147439,,URL,Denver Snuffer Podcast,,2019-01-27 19:01:03,Podcast,,2722000,3660798978,,Denver Snuffer
2021-12-30 22:58:18,True,CBB2106CBC66A026,"55: Abraham, Part 2",,True,,2019-05-21 05:27:10,True,,,http://media.blubrry.com/denversnufferpodcast/denversnufferpodcast.com/episodes/055_Abraham-Part-2_v1.mp3,7318,,82376957,,URL,Denver Snuffer Podcast,,2019-02-03 18:11:15,Podcast,,4083000,3641239630,,Denver Snuffer
2021-12-30 22:58:18,True,9C49D0653415E0E2,"56: Abraham, Part 3",,True,,2019-05-21 05:27:02,True,,,http://media.blubrry.com/denversnufferpodcast/denversnufferpodcast.com/episodes/056_Abraham-Part-3_v1.mp3,7320,,66044159,,URL,Denver Snuffer Podcast,,2019-02-10 16:07:46,Podcast,,3266000,3641239622,,Denver Snuffer
2021-12-30 22:58:18,True,27ED3B1FDFDDABC4,"57: Abraham, Part 4",,True,,2019-05-21 05:26:55,True,,,http://media.blubrry.com/denversnufferpodcast/denversnufferpodcast.com/episodes/057_Abraham-Part-4_v1.mp3,7322,,80239620,,URL,Denver Snuffer Podcast,,2019-02-17 15:54:25,Podcast,,3976000,3641239615,,Denver Snuffer
2021-12-30 22:58:18,True,778A0D8EB4C89A09,"58: Nephi, Part 1",,True,,2019-05-21 05:26:44,True,,,http://media.blubrry.com/denversnufferpodcast/denversnufferpodcast.com/episodes/058_Nephi-Part-1_v1.mp3,7324,,74385579,,URL,Denver Snuffer Podcast,,2019-02-24 23:18:46,Podcast,,3683000,3641239604,,Denver Snuffer
2021-12-30 22:58:18,True,7CA1BA81CBA808A7,"59: Nephi, Part 2",,True,,2019-05-05 14:46:16,True,,,http://media.blubrry.com/denversnufferpodcast/denversnufferpodcast.com/episodes/059_Nephi_Part-2_v1.mp3,7326,,56484906,,URL,Denver Snuffer Podcast,,2019-03-03 15:08:10,Podcast,,2788000,3639890776,,Denver Snuffer
2021-12-30 22:58:18,True,A9001E170A10BFBE,60: Third Root,,True,,2019-05-05 14:46:07,True,,,http://media.blubrry.com/denversnufferpodcast/denversnufferpodcast.com/episodes/060_3rd-Root.mp3,7328,,50646017,,URL,Denver Snuffer Podcast,,2019-03-10 16:00:10,Podcast,,2497000,3639890767,,Denver Snuffer
2021-12-30 22:58:18,True,91B1627B859BC212,61: Witness in All the World,,True,,2019-03-20 14:40:27,True,,,http://media.blubrry.com/denversnufferpodcast/denversnufferpodcast.com/episodes/061_Witness-in-All-the-World.mp3,7330,,22599389,,URL,Denver Snuffer Podcast,,2019-03-17 13:00:00,Podcast,,1094000,3635916027,,Denver Snuffer
2021-12-30 22:58:18,True,1786FB6F05ED861C,"62: Every Word, Part 1",,True,,2019-03-28 14:35:25,True,,,http://media.blubrry.com/denversnufferpodcast/denversnufferpodcast.com/episodes/062_Every-Word-1.mp3,7332,,29751715,,URL,Denver Snuffer Podcast,,2019-03-24 15:10:36,Podcast,,1452000,3636606925,,Denver Snuffer
2021-12-30 22:58:18,True,464378673E45BA87,"63: Every Word, Part 2",,True,,2019-04-05 21:43:52,True,,,http://media.blubrry.com/denversnufferpodcast/denversnufferpodcast.com/episodes/063_Every-Word-2.mp3,7334,,32656009,,URL,Denver Snuffer Podcast,,2019-03-31 13:17:10,Podcast,,1597000,3637323832,,Denver Snuffer
2021-12-30 22:58:18,True,9C4BFB969B4CE7A9,64: Noah,,True,,2019-04-11 14:27:41,True,,,http://media.blubrry.com/denversnufferpodcast/denversnufferpodcast.com/episodes/064_Noah_v1.mp3,7336,,63263159,,URL,Denver Snuffer Podcast,,2019-04-07 12:55:53,Podcast,,3127000,3637816061,,Denver Snuffer
2021-12-30 22:58:18,True,535499B2A19DFEED,"65: Discernment, Epilogue",,True,,2019-04-23 14:03:28,True,,,http://media.blubrry.com/denversnufferpodcast/denversnufferpodcast.com/episodes/065_Discernment-Epilogue-1.mp3,7338,,39730491,,URL,Denver Snuffer Podcast,,2019-04-14 17:45:04,Podcast,,1951000,3638851408,,Denver Snuffer
2021-12-30 22:58:18,True,FDA37304DA4A63E9,66: Allegory of the Olive Tree,,True,,2019-05-01 14:11:08,True,,,http://media.blubrry.com/denversnufferpodcast/denversnufferpodcast.com/episodes/066_Allegory-of-the-Olive_Tree_v1.mp3,7340,,61059470,,URL,Denver Snuffer Podcast,,2019-04-28 21:30:25,Podcast,,3017000,3639543068,,Denver Snuffer
2021-12-30 22:58:18,True,7DFF97DF4069D4A4,"67: Calling and Election, Part 1",,True,,2019-05-07 17:36:16,True,,,http://media.blubrry.com/denversnufferpodcast/denversnufferpodcast.com/episodes/067_Calling-and-Election_Part-1.mp3,7342,,54834487,,URL,Denver Snuffer Podcast,,2019-05-05 20:40:10,Podcast,,2706000,3640073776,,Denver Snuffer
2021-12-30 22:58:18,True,E7C6C3E893028506,"68: Calling and Election, Part 2",,True,,2019-05-15 23:30:08,True,,,http://media.blubrry.com/denversnufferpodcast/denversnufferpodcast.com/episodes/068_Calling-and-Election_Part-2.mp3,7344,,43434651,,URL,Denver Snuffer Podcast,,2019-05-12 12:30:40,Podcast,,2136000,3640786208,,Denver Snuffer
2021-12-30 22:58:18,True,D14187FB2BC707FD,"69: Effective Study, Part 1",,True,,2019-05-20 16:20:27,True,,,http://media.blubrry.com/denversnufferpodcast/denversnufferpodcast.com/episodes/069_Effective-Study_Part-1.mp3,7346,,73215811,,URL,Denver Snuffer Podcast,,2019-05-19 20:00:15,Podcast,,3625000,3641192427,,Denver Snuffer
2021-12-30 22:58:18,True,9151012B362078C7,"70: Effective Study, Part 2",,True,,2019-05-28 21:38:33,True,,,http://media.blubrry.com/denversnufferpodcast/denversnufferpodcast.com/episodes/070_Effective-Study_Part-2.mp3,7348,,66454799,,URL,Denver Snuffer Podcast,,2019-05-26 18:31:39,Podcast,,3287000,3641902713,,Denver Snuffer
2021-12-30 22:58:18,True,7054BEC25A34EE7E,"71: Effective Study, Part 3",,True,,2019-06-13 17:44:06,True,,,http://media.blubrry.com/denversnufferpodcast/denversnufferpodcast.com/episodes/071_Effective-Study_Part-3.mp3,7350,,88337574,,URL,Denver Snuffer Podcast,,2019-06-02 12:30:12,Podcast,,4381000,3643271046,,Denver Snuffer
2021-12-30 22:58:18,True,8504CDAFEAF631AE,72: As a Little Child,,True,,2019-06-13 19:05:05,True,,,http://media.blubrry.com/denversnufferpodcast/denversnufferpodcast.com/episodes/072_As-a-Little-Child_v1.mp3,7352,,78350962,,URL,Denver Snuffer Podcast,,2019-06-09 12:27:40,Podcast,,3882000,3643275905,,Denver Snuffer
2021-12-30 22:58:18,True,D191EDC66AD548DB,73: Good Questions,,True,,2019-06-18 18:34:54,True,,,http://media.blubrry.com/denversnufferpodcast/denversnufferpodcast.com/episodes/073_Good_Questions_v1.mp3,7354,,33708743,,URL,Denver Snuffer Podcast,,2019-06-16 15:00:30,Podcast,,1650000,3643706094,,Denver Snuffer
2021-12-30 22:58:18,True,1D80D1CDF4ABCC4C,74: Hyrum Smith,,True,,2019-06-26 19:39:46,True,,,http://media.blubrry.com/denversnufferpodcast/denversnufferpodcast.com/episodes/074_Hyrum-Smith_v1.mp3,7356,,58257575,,URL,Denver Snuffer Podcast,,2019-06-23 12:27:24,Podcast,,2877000,3644401186,,Denver Snuffer
2021-12-30 22:58:18,True,84820B02C6E70F09,75: Ministry of the Fathers,,True,,2019-07-02 00:11:09,True,,,http://media.blubrry.com/denversnufferpodcast/denversnufferpodcast.com/episodes/075_Ministry-of-the-Fathers_v1.mp3,7358,,55104596,,URL,Denver Snuffer Podcast,,2019-06-30 16:32:34,Podcast,,2719000,3644849469,,Denver Snuffer
2021-12-30 22:58:18,True,1CEC6B50418E5FA7,76: Patriarchs,,True,,2019-07-11 00:24:42,True,,,http://media.blubrry.com/denversnufferpodcast/denversnufferpodcast.com/episodes/076_Patriarchs_v1.mp3,7360,,40027762,,URL,Denver Snuffer Podcast,,2019-07-07 21:57:32,Podcast,,1966000,3645627882,,Denver Snuffer
2021-12-30 22:58:18,True,10AFB380987FF749,"77: Authentic Christianity, Part 1",,True,,2019-07-16 14:40:24,True,,,http://media.blubrry.com/denversnufferpodcast/denversnufferpodcast.com/episodes/077_Authentic-Christianity_Part-1_v1.mp3,7362,,52717526,,URL,Denver Snuffer Podcast,,2019-07-14 14:55:05,Podcast,,2600000,3646111224,,Denver Snuffer
2021-12-30 22:58:18,True,DC15A075CDE28D88,"78: Authentic Christianity, Part 2",,True,,2019-07-23 01:57:34,True,,,http://media.blubrry.com/denversnufferpodcast/denversnufferpodcast.com/episodes/078_Authentic-Christianity_Part-2_v1.mp3,7364,,78100187,,URL,Denver Snuffer Podcast,,2019-07-14 23:34:48,Podcast,,3869000,3646670254,,Denver Snuffer
2021-12-30 22:58:18,True,A5DBD3ACEB4B9A60,"79: Hope, Part 1",,True,,2019-08-01 18:46:41,True,,,http://media.blubrry.com/denversnufferpodcast/denversnufferpodcast.com/episodes/079_Hope_Part-1_v1.mp3,7366,,58994228,,URL,Denver Snuffer Podcast,,2019-07-29 17:55:48,Podcast,,2914000,3647508401,,Denver Snuffer
2021-12-30 22:58:18,True,D5944404D944F963,"80: Hope, Part 2",,True,,2019-08-08 20:27:49,True,,,http://media.blubrry.com/denversnufferpodcast/denversnufferpodcast.com/episodes/080_Hope_Part-2_v1.mp3,7368,,41897609,,URL,Denver Snuffer Podcast,,2019-08-04 12:15:34,Podcast,,2059000,3648119269,,Denver Snuffer
2021-12-30 22:58:18,True,29917D70CD0EE1C0,81: Peter,,True,,2019-08-14 19:55:23,True,,,http://media.blubrry.com/denversnufferpodcast/denversnufferpodcast.com/episodes/081_Peter_v1.mp3,7370,,54137545,,URL,Denver Snuffer Podcast,,2019-08-11 23:05:32,Podcast,,2671000,3648635723,,Denver Snuffer
2021-12-30 22:58:18,True,A971D16BADFA3FB3,"82: Hope, Part 3",,True,,2019-08-20 00:06:17,True,,,http://media.blubrry.com/denversnufferpodcast/denversnufferpodcast.com/episodes/082_Hope_Part-3_v1.mp3,7372,,44910051,,URL,Denver Snuffer Podcast,,2019-08-18 23:11:06,Podcast,,2210000,3649082777,,Denver Snuffer
2021-12-30 22:58:18,True,35879D5F7B790560,83: Fasting,,True,,2019-09-03 04:31:38,True,,,http://media.blubrry.com/denversnufferpodcast/denversnufferpodcast.com/episodes/083_Fasting_v1.mp3,7374,,31497218,,URL,Denver Snuffer Podcast,,2019-08-26 00:40:42,Podcast,,1539000,3650308298,,Denver Snuffer
2021-12-30 22:58:18,True,1B6596B0A4417ECA,"84: Zion’s Return, Part 1",,True,,2019-09-16 22:51:53,True,,,http://media.blubrry.com/denversnufferpodcast/denversnufferpodcast.com/episodes/084_Zions-Return_Part-1_v1.mp3,7376,,57952470,,URL,Denver Snuffer Podcast,,2019-09-15 22:57:15,Podcast,,2862000,3651497513,,Denver Snuffer
2021-12-30 22:58:18,True,C35C46D9F2C4D8DA,"85: Zion’s Return, Part 2",,True,,2019-09-18 18:26:24,True,,,http://media.blubrry.com/denversnufferpodcast/denversnufferpodcast.com/episodes/085_Zions-Return_Part-2_v1.mp3,7378,,60802429,,URL,Denver Snuffer Podcast,,2019-09-16 18:53:54,Podcast,,3004000,3651654384,,Denver Snuffer
2021-12-30 22:58:18,True,0D7A0F632AB2ED44,86: Endure It Well,,True,,2019-10-07 19:44:26,True,,,http://media.blubrry.com/denversnufferpodcast/denversnufferpodcast.com/episodes/086_Endure-It-Well_v1.mp3,7380,,55297384,,URL,Denver Snuffer Podcast,,2019-09-29 20:08:36,Podcast,,2729000,3653300666,,Denver Snuffer
2021-12-30 22:58:18,True,110696DFF8E3B600,87: Prototypes of the Saved Woman,,True,,2019-10-07 20:28:38,True,,,http://media.blubrry.com/denversnufferpodcast/denversnufferpodcast.com/episodes/087_Prototypes-of-the-Saved-Woman_v1.mp3,7382,,37457316,,URL,Denver Snuffer Podcast,,2019-10-02 12:35:22,Podcast,,1837000,3653303318,,Denver Snuffer
2021-12-30 22:58:18,True,2438801BEBE8A5FD,"88: Interview with Denver, Part 1",,True,,2019-10-30 20:18:45,True,,,http://media.blubrry.com/denversnufferpodcast/denversnufferpodcast.com/episodes/088_Interview-with-Denver_Part-1.mp3,7384,,68997562,,URL,Denver Snuffer Podcast,,2019-10-27 17:20:23,Podcast,,3414000,3655289925,,Denver Snuffer
2021-12-30 22:58:18,True,C098391685A98A62,"89: Interview with Denver, Part 2",,True,,2019-10-30 21:14:38,True,,,http://media.blubrry.com/denversnufferpodcast/denversnufferpodcast.com/episodes/089_Interview-with-Denver_Part-2.mp3,7386,,67753611,,URL,Denver Snuffer Podcast,,2019-10-29 12:29:33,Podcast,,3352000,3655293278,,Denver Snuffer
2021-12-30 22:58:18,True,6BC1BC576BBB7B02,"90: Interview with Denver, Part 3",,True,,2019-11-04 21:58:07,True,,,http://media.blubrry.com/denversnufferpodcast/denversnufferpodcast.com/episodes/090_Interview-with-Denver_Part-3.mp3,7388,,69087423,,URL,Denver Snuffer Podcast,,2019-10-31 12:31:19,Podcast,,3419000,3655724287,,Denver Snuffer
2021-12-30 22:58:18,True,F3FBBDA8AC0BA214,"91: Garments, Part 1",,True,,2019-11-04 22:52:13,True,,,http://media.blubrry.com/denversnufferpodcast/denversnufferpodcast.com/episodes/091_Garments_Part-1.mp3,7390,,46177513,,URL,Denver Snuffer Podcast,,2019-11-03 14:58:31,Podcast,,2273000,3655727533,,Denver Snuffer
2021-12-30 22:58:18,True,5EA04024EF90DEA6,"92: Garments, Part 2",,True,,2019-11-06 23:15:49,True,,,http://media.blubrry.com/denversnufferpodcast/denversnufferpodcast.com/episodes/092_Garments_Part-2.mp3,7392,,36532582,,URL,Denver Snuffer Podcast,,2019-11-06 14:55:41,Podcast,,1791000,3655901749,,Denver Snuffer
2021-12-30 22:58:18,True,A819A8F1D234C286,"93: Meekness & Humility, Part 1",,True,,2019-11-14 00:40:41,True,,,http://media.blubrry.com/denversnufferpodcast/denversnufferpodcast.com/episodes/093_Meekness-and-Humility_Part-1.mp3,7394,,79414150,,URL,Denver Snuffer Podcast,,2019-11-11 02:00:39,Podcast,,3935000,3656511641,,Denver Snuffer
2021-12-30 22:58:18,True,CC7F8EC25D63971F,"94: Meekness & Humility, Part 2",,True,,2019-11-23 23:30:34,True,,,http://media.blubrry.com/denversnufferpodcast/denversnufferpodcast.com/episodes/094_Meekness-and-Humility_Part-2.mp3,7396,,76837432,,URL,Denver Snuffer Podcast,,2019-11-17 22:34:49,Podcast,,3806000,3657371434,,Denver Snuffer
2021-12-30 22:58:18,True,2810064FDBD1A4F1,95: Good Cheer,,True,,2019-11-26 04:29:05,True,,,http://media.blubrry.com/denversnufferpodcast/denversnufferpodcast.com/episodes/095_Good-Cheer_v1.mp3,7398,,30197367,,URL,Denver Snuffer Podcast,,2019-11-24 21:55:00,Podcast,,1474000,3657562145,,Denver Snuffer
2021-12-30 22:58:18,True,0DCBAA18D5996A0D,96: One Eternal Round,,True,,2019-12-13 15:57:19,True,,,http://media.blubrry.com/denversnufferpodcast/denversnufferpodcast.com/episodes/096_One-Eternal-Round_v1.mp3,7400,,41337546,,URL,Denver Snuffer Podcast,,2019-12-08 23:24:28,Podcast,,2031000,3659072239,,Denver Snuffer
2021-12-30 22:58:18,True,808569B9B09A9092,"97: God in Our Day, Part 1",,True,,2019-12-19 15:48:38,True,,,http://media.blubrry.com/denversnufferpodcast/denversnufferpodcast.com/episodes/097_God-in-Our-Day_Part-1_v1.mp3,7402,,56325040,,URL,Denver Snuffer Podcast,,2019-12-15 13:00:00,Podcast,,2780000,3659590118,,Denver Snuffer
2021-12-30 22:58:18,True,9B52C7870393CDE7,"98: God in Our Day, Part 2",,True,,2019-12-19 19:21:45,True,,,http://media.blubrry.com/denversnufferpodcast/denversnufferpodcast.com/episodes/098_God-in-Our-Day_Part-2_v1.mp3,7404,,55520469,,URL,Denver Snuffer Podcast,,2019-12-18 13:18:00,Podcast,,2740000,3659602905,,Denver Snuffer
2021-12-30 22:58:18,True,E97107B1FEF320F0,99: A Bag Full Of Jesus,,True,,2020-01-03 21:01:30,True,,,http://media.blubrry.com/denversnufferpodcast/denversnufferpodcast.com/episodes/099_A-Bag-Full-of-Jesus_v1.mp3,7406,,59442493,,URL,Denver Snuffer Podcast,,2019-12-22 13:22:45,Podcast,,2936000,3660904890,,Denver Snuffer
2021-12-30 22:58:18,True,E8BE6D94DF376035,"100: Love, Part 1",,True,,2020-01-04 19:42:32,True,,,http://media.blubrry.com/denversnufferpodcast/denversnufferpodcast.com/episodes/100_Love_Part1_v1.mp3,7408,,45652454,,URL,Denver Snuffer Podcast,,2019-12-30 02:51:51,Podcast,,2247000,3660986552,,Denver Snuffer
2021-12-30 22:58:18,True,26A3257A447DE857,"101: Love, Part 2",,True,,2020-01-28 15:18:02,True,,,http://media.blubrry.com/denversnufferpodcast/denversnufferpodcast.com/episodes/101_Love_Part-2_v1.mp3,7410,,48285072,,URL,Denver Snuffer Podcast,,2020-01-05 13:05:12,Podcast,,2378000,3663044282,,Denver Snuffer
2021-12-30 22:58:18,True,C20F422D8C9DFB9A,"102: Love, Part 3",,True,,2020-01-28 15:18:06,True,,,http://media.blubrry.com/denversnufferpodcast/denversnufferpodcast.com/episodes/102_Love_Part-3_v1.mp3,7412,,45660289,,URL,Denver Snuffer Podcast,,2020-01-12 13:02:00,Podcast,,2247000,3663044286,,Denver Snuffer
2021-12-30 22:58:18,True,2942FCBC18CBAC38,"103: Love, Part 4",,True,,2020-02-03 21:31:59,True,,,http://media.blubrry.com/denversnufferpodcast/denversnufferpodcast.com/episodes/103_Love_Part-4_v1.mp3,7414,,34137155,,URL,Denver Snuffer Podcast,,2020-01-19 13:03:00,Podcast,,1671000,3663585119,,Denver Snuffer
2021-12-30 22:58:18,True,9093327E9B2EDB97,"104: Love, Part 5",,True,,2020-02-04 19:39:12,True,,,http://media.blubrry.com/denversnufferpodcast/denversnufferpodcast.com/episodes/104_Love_Part-5_v1.mp3,7416,,38617155,,URL,Denver Snuffer Podcast,,2020-02-02 18:04:09,Podcast,,1895000,3663664752,,Denver Snuffer
2021-12-30 22:58:18,True,ACD94FCBDE6F2910,"105: Love, Part 6",,True,,2020-02-15 20:09:33,True,,,http://media.blubrry.com/denversnufferpodcast/denversnufferpodcast.com/episodes/105_Love_Part-6_v1.mp3,7418,,70022608,,URL,Denver Snuffer Podcast,,2020-02-09 13:06:00,Podcast,,3465000,3664616973,,Denver Snuffer
2021-12-30 22:58:18,True,74565F80B918DC52,106: Forgiving Others,,True,,2020-03-03 20:38:03,True,,,http://media.blubrry.com/denversnufferpodcast/denversnufferpodcast.com/episodes/106_Forgiving-Others.mp3,7420,,34537352,,URL,Denver Snuffer Podcast,,2020-02-23 21:20:37,Podcast,,1691000,3666087483,,Denver Snuffer
2021-12-30 22:58:18,True,51A4CCD7AB144B17,"107: Renewal, Part 1",,True,,2020-03-31 19:51:16,True,,,http://media.blubrry.com/denversnufferpodcast/denversnufferpodcast.com/episodes/107_Renewal_Part-1.mp3,7422,,48977316,,URL,Denver Snuffer Podcast,,2020-03-15 23:47:28,Podcast,,2413000,3668507476,,Denver Snuffer
2021-12-30 22:58:18,True,57412420679D0081,"108: Renewal, Part 2",,True,,2020-04-12 21:07:31,True,,,http://media.blubrry.com/denversnufferpodcast/denversnufferpodcast.com/episodes/108_Renewal_Part-2.mp3,7424,,49597463,,URL,Denver Snuffer Podcast,,2020-03-21 15:30:00,Podcast,,2444000,3669548851,,Denver Snuffer
2021-12-30 22:58:18,True,2BB07F9BFD76ADEB,"109: Renewal, Part 3",,True,,2020-04-11 17:42:54,True,,,http://media.blubrry.com/denversnufferpodcast/denversnufferpodcast.com/episodes/109_Renewal_Part-3.mp3,7426,,55167814,,URL,Denver Snuffer Podcast,,2020-03-29 12:29:00,Podcast,,2723000,3669450174,,Denver Snuffer
2021-12-30 22:58:18,True,977831F2AE06CE12,110: Whipsawed,,True,,2020-05-19 14:47:52,True,,,http://media.blubrry.com/denversnufferpodcast/denversnufferpodcast.com/episodes/110_Whipsaw.mp3,7428,,52509592,,URL,Denver Snuffer Podcast,,2020-04-05 00:15:00,Podcast,,2590000,3672722872,,Denver Snuffer
2021-12-30 22:58:18,True,4C2DF7FDA1A1C00E,"111: Nature, Part 1",,True,,2020-06-20 22:59:53,True,,,http://media.blubrry.com/denversnufferpodcast/denversnufferpodcast.com/episodes/111_Nature_Part-1.mp3,7430,,45242325,,URL,Denver Snuffer Podcast,,2020-05-10 13:11:00,Podcast,,2226000,3675517193,,Denver Snuffer
2021-12-30 22:58:18,True,5010CDD1C86E1760,"112: Nature, Part 2",,True,,2020-06-22 15:30:33,True,,,http://media.blubrry.com/denversnufferpodcast/denversnufferpodcast.com/episodes/112_Nature_Part-2.mp3,7432,,46330065,,URL,Denver Snuffer Podcast,,2020-05-18 15:30:00,Podcast,,2281000,3675663033,,Denver Snuffer
2021-12-30 22:58:18,True,B936DF7FFDD4CD70,"113: Nature, Part 3",,True,,2020-07-22 00:13:49,True,,,http://media.blubrry.com/denversnufferpodcast/denversnufferpodcast.com/episodes/113_Nature_Part-3.mp3,7434,,41395012,,URL,Denver Snuffer Podcast,,2020-05-24 16:45:00,Podcast,,2034000,3678200029,,Denver Snuffer
2021-12-30 22:58:18,True,EE6C77334FD12242,114: Zion People,,True,,2020-06-20 15:41:40,True,,,http://media.blubrry.com/denversnufferpodcast/denversnufferpodcast.com/episodes/114_Zion-People.mp3,7436,,27390245,,URL,Denver Snuffer Podcast,,2020-05-31 12:14:00,Podcast,,1334000,3675490900,,Denver Snuffer
2021-12-30 22:58:18,True,4DB3D241C98E22B1,115: Sabbath Day,,True,,2020-06-18 16:08:29,True,,,http://media.blubrry.com/denversnufferpodcast/denversnufferpodcast.com/episodes/115_Sabbath-Day.mp3,7438,,45825379,,URL,Denver Snuffer Podcast,,2020-06-07 22:13:39,Podcast,,2255000,3675319709,,Denver Snuffer
2021-12-30 22:58:18,True,1EA2FE6E815E765B,116: True Vine,,True,,2020-07-11 15:12:03,True,,,http://media.blubrry.com/denversnufferpodcast/denversnufferpodcast.com/episodes/116_True-Vine_Part-1.mp3,7440,,56262343,,URL,Denver Snuffer Podcast,,2020-06-25 23:01:45,Podcast,,2777000,3677303523,,Denver Snuffer
2021-12-30 22:58:18,True,1C34DD5DE73BE1A1,"117: True Vine, Part 2",,True,,2020-07-18 22:05:56,True,,,http://media.blubrry.com/denversnufferpodcast/denversnufferpodcast.com/episodes/117_True-Vine_Part-2.mp3,7442,,72702245,,URL,Denver Snuffer Podcast,,2020-07-12 17:00:00,Podcast,,3599000,3677933156,,Denver Snuffer
2021-12-30 22:58:18,True,1956E19129395E87,"118: True Vine, Part 3",,True,,2020-08-21 13:36:44,True,,,http://media.blubrry.com/denversnufferpodcast/denversnufferpodcast.com/episodes/118_True-Vine_Part-3.mp3,7444,,56786882,,URL,Denver Snuffer Podcast,,2020-07-19 14:00:00,Podcast,,2804000,3680840204,,Denver Snuffer
2021-12-30 22:58:18,True,3ED245D0ACCCDF4E,119: God Forgives,,True,,2020-08-11 14:57:05,True,,,http://media.blubrry.com/denversnufferpodcast/denversnufferpodcast.com/episodes/119_God-Forgives.mp3,7446,,28954980,,URL,Denver Snuffer Podcast,,2020-07-26 21:46:00,Podcast,,1412000,3679981025,,Denver Snuffer
2021-12-30 22:58:18,True,32C09597A140DF8F,120: One Heart First,,True,,2020-08-27 12:57:34,True,,,http://media.blubrry.com/denversnufferpodcast/denversnufferpodcast.com/episodes/120_One-Heart-First.mp3,7448,,83972517,,URL,Denver Snuffer Podcast,,2020-08-16 18:45:00,Podcast,,4163000,3681356254,,Denver Snuffer
2021-12-30 22:58:18,True,7797DDE991AFDFA1,"121: Precious, Part 1",,True,,2020-09-03 20:28:50,True,,,http://media.blubrry.com/denversnufferpodcast/denversnufferpodcast.com/episodes/121_Precious_Part-1.mp3,7450,,43336958,,URL,Denver Snuffer Podcast,,2020-08-30 20:00:29,Podcast,,2131000,3681988130,,Denver Snuffer
2021-12-30 22:58:18,True,E1B7225420ED9B25,"122: Precious, Part 2",,True,,2020-09-26 14:55:39,True,,,http://media.blubrry.com/denversnufferpodcast/denversnufferpodcast.com/episodes/122_Precious_Part-2.mp3,7452,,48312241,,URL,Denver Snuffer Podcast,,2020-09-06 12:20:00,Podcast,,2380000,3683955339,,Denver Snuffer
2021-12-30 22:58:18,True,D958D681F56D7C62,123: Numbered Among,,True,,2020-10-02 13:37:33,,,,http://media.blubrry.com/denversnufferpodcast/denversnufferpodcast.com/episodes/123_Numbered-Among.mp3,7454,6,26919523,,URL,Denver Snuffer Podcast,,2020-09-09 04:13:06,Podcast,,1310000,3684469053,,Denver Snuffer
2021-12-30 22:58:18,True,3F00FD8B3E9FF67C,124: The Foolish and the Wise,,True,,2020-11-02 14:57:37,,,,http://media.blubrry.com/denversnufferpodcast/denversnufferpodcast.com/episodes/124_The-Foolish-and-the-Wise.mp3,7456,1,76635246,,URL,Denver Snuffer Podcast,,2020-09-27 22:00:23,Podcast,,3796000,3687148657,,Denver Snuffer
2021-12-30 22:58:18,True,7A31458CA7583C96,"125: Marriage, Part 1",,True,,2020-11-03 20:23:40,,,,http://media.blubrry.com/denversnufferpodcast/denversnufferpodcast.com/episodes/125_Marriage_Part-1.mp3,7458,1,26212648,,URL,Denver Snuffer Podcast,,2020-10-04 21:55:28,Podcast,,1275000,3687254620,,Denver Snuffer
2021-12-30 22:58:18,True,CE42E2C3485E328C,"126: Marriage, Part 2",,True,,2020-11-04 01:35:44,,,,http://media.blubrry.com/denversnufferpodcast/denversnufferpodcast.com/episodes/126_Marriage_Part-2.mp3,7460,1,22757171,,URL,Denver Snuffer Podcast,,2020-10-11 13:55:00,Podcast,,1102000,3687273344,,Denver Snuffer
2021-12-30 22:58:18,True,E8F0C7093E068033,"127: Gospel Tangents, Part 1",,True,,2020-11-04 16:30:11,,,,http://media.blubrry.com/denversnufferpodcast/denversnufferpodcast.com/episodes/127_GT_Part-1.mp3,7462,1,51857579,,URL,Denver Snuffer Podcast,,2020-10-19 04:00:43,Podcast,,2557000,3687327011,,Denver Snuffer
2021-12-30 22:58:18,True,D68F457186D834B5,"128: Gospel Tangents, Part 2",,True,,2021-01-02 18:27:53,,,,http://media.blubrry.com/denversnufferpodcast/denversnufferpodcast.com/episodes/128_GT_Part-2.mp3,7464,20,64887457,,URL,Denver Snuffer Podcast,,2020-10-25 13:00:00,Podcast,,3209000,3692431673,,Denver Snuffer
2021-12-30 22:58:18,True,1CC8D6256A5DBB04,"129: Gospel Tangents, Part 3",,True,,2020-12-22 20:41:44,,,,http://media.blubrry.com/denversnufferpodcast/denversnufferpodcast.com/episodes/129_GT_Part-3.mp3,7466,1,52797465,,URL,Denver Snuffer Podcast,,2020-11-01 15:00:00,Podcast,,2604000,3691489304,,Denver Snuffer
2021-12-30 22:58:18,True,86306DB95A1ED69B,"130: Being Harmless, Part 1",,True,,2020-12-24 17:02:48,,,,http://media.blubrry.com/denversnufferpodcast/denversnufferpodcast.com/episodes/130_Being-Harmless_Part-1.mp3,7468,1,55537188,,URL,Denver Snuffer Podcast,,2020-12-19 21:14:35,Podcast,,2741000,3691648968,,Denver Snuffer
2021-12-30 22:58:18,True,88EDA37F10526D0F,"131: Being Harmless, Part 2",,True,,2020-12-27 00:19:44,,,,http://media.blubrry.com/denversnufferpodcast/denversnufferpodcast.com/episodes/131_Being-Harmless_Part-2.mp3,7470,1,5242880,,URL,Denver Snuffer Podcast,,2020-12-20 17:15:46,Podcast,,3035000,3691847984,,Denver Snuffer
2021-12-30 22:58:18,True,5FDA930C15623124,"132: Adoption, Part 1",,True,,2021-01-25 13:26:41,,,,http://media.blubrry.com/denversnufferpodcast/denversnufferpodcast.com/episodes/132_Adoption_Part-1.mp3,7472,1,45857254,,URL,Denver Snuffer Podcast,,2020-12-28 01:42:52,Podcast,,2257000,3694400801,,Denver Snuffer
2021-12-30 22:58:18,True,2DC8CD7B62939CA7,"133: Adoption, Part 2",,True,,2021-01-25 14:22:12,,,,http://media.blubrry.com/denversnufferpodcast/denversnufferpodcast.com/episodes/133_Adoption_Part-2.mp3,7474,1,51067637,,URL,Denver Snuffer Podcast,,2020-12-29 16:00:00,Podcast,,2518000,3694404132,,Denver Snuffer
2021-12-30 22:58:18,True,28CE2231E716769C,"134: Equality, Part 1",,True,,2021-01-29 20:50:50,,,,http://media.blubrry.com/denversnufferpodcast/denversnufferpodcast.com/episodes/134_Equality_Part-1.mp3,7476,1,47482589,,URL,Denver Snuffer Podcast,,2021-01-25 02:20:00,Podcast,,2338000,3694773050,,Denver Snuffer
2021-12-30 22:58:18,True,E1D1CB6567E9F9CF,"135: Equality, Part 2",,True,,2021-02-09 20:45:02,,,,http://media.blubrry.com/denversnufferpodcast/denversnufferpodcast.com/episodes/135_Equality_Part-2.mp3,7478,1,62327455,,URL,Denver Snuffer Podcast,,2021-02-01 03:02:46,Podcast,,3081000,3695723102,,Denver Snuffer
2021-12-30 22:58:18,True,4CE3A4F22E6C3040,"136: Commune with Christ, Part 1",,True,,2021-03-12 00:32:26,,,,http://media.blubrry.com/denversnufferpodcast/denversnufferpodcast.com/episodes/136_Commune-with-Christ_Part-1.mp3,7480,1,47725539,,URL,Denver Snuffer Podcast,,2021-02-21 16:00:00,Podcast,,2350000,3698328746,,Denver Snuffer
2021-12-30 22:58:18,True,AD6CB5DE9D83F3F8,"137: Commune with Christ, Part 2",,True,,2021-03-12 18:56:49,,,,http://media.blubrry.com/denversnufferpodcast/denversnufferpodcast.com/episodes/137_Commune-with-Christ_Part-2.mp3,7482,1,72930568,,URL,Denver Snuffer Podcast,,2021-02-28 15:30:00,Podcast,,3611000,3698395009,,Denver Snuffer
2021-12-30 22:58:18,True,A3415EC84946C21F,138: The Government of God,,True,,2021-04-05 13:43:55,,,,http://media.blubrry.com/denversnufferpodcast/denversnufferpodcast.com/episodes/138_Government-of-God_Part-1.mp3,7484,1,35084881,,URL,Denver Snuffer Podcast,,2021-03-14 19:00:00,Podcast,,1718000,3700453435,,Denver Snuffer
2021-12-30 22:58:18,True,223FB9BA471CDF81,"139: The Government of God, Part 2",,True,,2021-04-06 16:04:21,,,,http://media.blubrry.com/denversnufferpodcast/denversnufferpodcast.com/episodes/139_Government-of-God_Part-2.mp3,7486,1,36286514,,URL,Denver Snuffer Podcast,,2021-03-21 13:00:00,Podcast,,1779000,3700548261,,Denver Snuffer
2021-12-30 22:58:18,True,9B3E21E2393C4B2B,"140: The Government of God, Part 3",,True,,2021-04-06 16:56:50,,,,http://media.blubrry.com/denversnufferpodcast/denversnufferpodcast.com/episodes/140_Government-of-God_Part-3.mp3,7488,1,45370334,,URL,Denver Snuffer Podcast,,2021-03-28 13:00:00,Podcast,,2233000,3700551410,,Denver Snuffer
2021-12-30 22:58:18,True,F0D4214478ABB70E,"141: Forgiving Others, Continued",,True,,2021-05-22 19:42:03,,,,http://media.blubrry.com/denversnufferpodcast/denversnufferpodcast.com/episodes/141_Forgiving-Others-Continued.mp3,7490,1,57362630,,URL,Denver Snuffer Podcast,,2021-04-18 20:30:18,Podcast,,2832000,3704535723,,Denver Snuffer
2021-12-30 22:58:18,True,6F27EAD38291741C,"142: Shem, Part 1",,True,,2021-08-27 16:10:58,,,,http://media.blubrry.com/denversnufferpodcast/denversnufferpodcast.com/episodes/142_Shem_Part-1.mp3,7492,1,88718229,,URL,Denver Snuffer Podcast,,2021-07-19 15:10:00,Podcast,,2750000,3712903858,,Denver Snuffer
2021-12-30 22:58:18,True,574F4B4F7CEE3446,"143: Shem, Part 2",,True,,2021-08-27 19:32:10,,,,http://media.blubrry.com/denversnufferpodcast/denversnufferpodcast.com/episodes/143_Shem_Part-2.mp3,7494,1,89857458,,URL,Denver Snuffer Podcast,,2021-07-26 16:00:00,Podcast,,2786000,3712915930,,Denver Snuffer
2021-12-30 22:58:18,True,52411E224ADCC226,"144: Shem, Part 3",,True,,2021-09-16 21:39:02,,,,http://media.blubrry.com/denversnufferpodcast/denversnufferpodcast.com/episodes/144_Shem_Part-3.mp3,7496,1,54702204,,URL,Denver Snuffer Podcast,,2021-08-16 15:50:00,Podcast,,1687000,3714651542,,Denver Snuffer
2021-12-30 22:58:18,True,B85AAE78220B8F69,"145: Shem, Part 4",,True,,2021-09-13 19:53:36,,,,http://media.blubrry.com/denversnufferpodcast/denversnufferpodcast.com/episodes/145_Shem_Part-4.mp3,7498,1,90364863,,URL,Denver Snuffer Podcast,,2021-09-12 12:30:00,Podcast,,2802000,3714386016,,Denver Snuffer
2021-12-30 22:58:18,True,0B3D42A2475ABAEA,"146: Shem, Part 5",,True,,2021-10-11 17:44:53,,,,http://media.blubrry.com/denversnufferpodcast/denversnufferpodcast.com/episodes/146_Shem_Part-5.mp3,7500,1,75886051,,URL,Denver Snuffer Podcast,,2021-09-26 14:15:00,Podcast,,2349000,3716797493,,Denver Snuffer
2021-12-30 22:58:18,True,4EF88CF4F3D48091,"147: Shem, Part 6",,True,,2021-10-11 18:59:38,,,,http://media.blubrry.com/denversnufferpodcast/denversnufferpodcast.com/episodes/147_Shem_Part-6.mp3,7502,1,81026949,,URL,Denver Snuffer Podcast,,2021-10-03 12:30:00,Podcast,,2510000,3716801978,,Denver Snuffer
2021-12-30 22:58:18,True,01E9F5C648DCA2D0,"148: Shem, Part 7",,True,,2021-10-11 20:40:20,,,,http://media.blubrry.com/denversnufferpodcast/denversnufferpodcast.com/episodes/148_Shem_Part-7.mp3,7504,1,65614283,,URL,Denver Snuffer Podcast,,2021-10-10 12:45:00,Podcast,,2028000,3716808020,,Denver Snuffer
2021-12-30 22:58:18,True,F94252E6C8EC7D1B,149: We’ve Lost the Argument,,True,,2021-11-24 05:50:46,,,,http://media.blubrry.com/denversnufferpodcast/denversnufferpodcast.com/episodes/149_Weve-Lost-the-Argument.mp3,7506,1,53574563,,URL,Denver Snuffer Podcast,,2021-11-17 18:00:00,Podcast,,1652000,3720552646,,Denver Snuffer
2021-12-30 22:58:18,,A91EB91C0848A43B,150: The Testimony of Jesus,,True,,2021-12-29 19:43:19,,,,http://media.blubrry.com/denversnufferpodcast/denversnufferpodcast.com/episodes/150_The-Testimony-of-Jesus.mp3,7508,1,40318568,,URL,Denver Snuffer Podcast,,2021-11-28 13:30:00,Podcast,,1238000,3723626599,,Denver Snuffer
2022-05-21 03:06:52,True,E300C036094E8F91,"151: Persuasion, Part 1",,True,,2022-01-20 00:48:44,,,,http://media.blubrry.com/denversnufferpodcast/denversnufferpodcast.com/episodes/151_Persuasion_Part-1.mp3,17226,2,49358185,,URL,Denver Snuffer Podcast,,2022-01-18 00:45:00,Podcast,,1520000,3725459324,,Denver Snuffer
2022-05-21 03:06:52,True,5C4F92DC74704AA4,"152: Persuasion, Part 2",,True,,2022-02-08 20:16:44,,,,http://media.blubrry.com/denversnufferpodcast/denversnufferpodcast.com/episodes/152_Persuasion_Part-2.mp3,17228,1,92931267,,URL,Denver Snuffer Podcast,,2022-01-24 13:30:00,Podcast,,2882000,3727171004,,Denver Snuffer
2022-05-21 03:06:52,True,892223B0C0E24623,"153: Persuasion, Part 3",,True,,2022-03-15 18:41:04,,,,http://media.blubrry.com/denversnufferpodcast/denversnufferpodcast.com/episodes/153_Persuasion_Part-3.mp3,17230,1,83502108,,URL,Denver Snuffer Podcast,,2022-01-31 18:45:00,Podcast,,2587000,3730192864,,Denver Snuffer
2022-05-21 03:06:52,True,A3B103FB2645EB26,"154: Completing God’s Image, Part 1",,True,,2022-03-17 18:10:39,,,,http://media.blubrry.com/denversnufferpodcast/denversnufferpodcast.com/episodes/154_Completing-Gods-Image_Part-1.mp3,17232,1,63510296,,URL,Denver Snuffer Podcast,,2022-02-23 01:10:00,Podcast,,1962000,3730363839,,Denver Snuffer
2022-05-21 03:06:52,True,63FEB36606C47B6E,"155: Completing God’s Image, Part 2",,True,,2022-03-17 19:51:45,,,,http://media.blubrry.com/denversnufferpodcast/denversnufferpodcast.com/episodes/155_Completing-Gods-Image_Part-2.mp3,17234,1,78073667,,URL,Denver Snuffer Podcast,,2022-02-28 01:45:00,Podcast,,2417000,3730369905,,Denver Snuffer
2022-05-21 03:06:52,True,2141B60F3DAE8EBC,"156: Completing God’s Image, Part 3",,True,,2022-05-09 19:08:59,,,,http://media.blubrry.com/denversnufferpodcast/denversnufferpodcast.com/episodes/156_Completing-Gods-Image_Part-3.mp3,17236,1,49198533,,URL,Denver Snuffer Podcast,,2022-03-06 23:00:00,Podcast,,1515000,3734946539,,Denver Snuffer
2022-05-21 03:06:52,True,3A1FD359C588649A,"157: Completing God’s Image, Part 4",,True,,2022-05-09 19:46:39,,,,http://media.blubrry.com/denversnufferpodcast/denversnufferpodcast.com/episodes/157_Completing-Gods-Image_Part-4.mp3,17238,1,74286117,,URL,Denver Snuffer Podcast,,2022-03-13 22:00:00,Podcast,,2299000,3734948799,,Denver Snuffer
2022-05-21 03:06:52,True,915B6CDCB0D65CE0,"158: Completing God’s Image, Part 5",,True,,2022-05-09 22:06:11,,,,http://media.blubrry.com/denversnufferpodcast/denversnufferpodcast.com/episodes/158_Completing-Gods-Image_Part-5.mp3,17240,1,85486588,,URL,Denver Snuffer Podcast,,2022-03-20 21:00:00,Podcast,,2649000,3734957171,,Denver Snuffer
2022-05-21 03:06:52,True,BBBD0EF77F1C16AE,159: Remembering Easter,,True,,2022-05-10 17:56:22,,,,http://media.blubrry.com/denversnufferpodcast/denversnufferpodcast.com/episodes/159_Remembering-Easter.mp3,17242,1,94414172,,URL,Denver Snuffer Podcast,,2022-04-15 15:45:00,Podcast,,2928000,3735028582,,Denver Snuffer
2022-08-20 21:47:07,True,E340C687E76E9473,"160: Comprehending, Part 1",,True,,2022-08-09 21:41:14,,,,http://media.blubrry.com/denversnufferpodcast/denversnufferpodcast.com/episodes/160_Comprehending_Part-1.mp3,37572,2,115392393,,URL,Denver Snuffer Podcast,,2022-06-07 03:00:00,Podcast,,3584000,3742904474,,Denver Snuffer
2022-08-20 21:47:07,True,9B917AF27A3F404A,"161: Comprehending, Part 2",,True,,2022-08-09 23:50:13,,,,http://media.blubrry.com/denversnufferpodcast/denversnufferpodcast.com/episodes/161_Comprehension_Part-2.mp3,37574,1,133372163,,URL,Denver Snuffer Podcast,,2022-06-12 22:15:00,Podcast,,4146000,3742912213,,Denver Snuffer
2022-08-20 21:47:07,True,19485266FA64C18E,"162: Comprehending, Part 3￼",,True,,2022-08-22 15:33:52,,,,http://media.blubrry.com/denversnufferpodcast/denversnufferpodcast.com/episodes/162_Comprehending_Part-3.mp3,37576,1,106254135,,URL,Denver Snuffer Podcast,,2022-06-19 22:45:00,Podcast,,3298000,3744005632,,Denver Snuffer
2022-08-20 21:47:07,True,1605075E1F115030,"163: Comprehending, Part 4",,True,,2022-09-02 23:40:52,,,,http://media.blubrry.com/denversnufferpodcast/denversnufferpodcast.com/episodes/163_Comprehending_Part-4.mp3,37578,12,118958422,,URL,Denver Snuffer Podcast,,2022-06-26 23:30:00,Podcast,,3695000,3744985252,,Denver Snuffer
2022-08-20 21:48:29,True,5547369EF4A8A719,"164: Comprehending, Part 5",MPEG audio file,True,256,2022-09-01 23:47:21,,"Released July 3, 2022",164,http://media.blubrry.com/denversnufferpodcast/denversnufferpodcast.com/episodes/164_Comprehending_Part-5.mp3,37682,1,100974473,1,URL,Denver Snuffer Podcast,2022-08-20 21:48:29,2022-07-04 14:45:00,Podcast,44100,3133000,3744899241,2022,Denver Snuffer
2022-08-20 21:49:31,True,7369EBDEA3047C99,"165: Comprehending, Part 6",MPEG audio file,True,256,2022-10-04 21:03:53,,"Released July 17, 2022",165,http://media.blubrry.com/denversnufferpodcast/denversnufferpodcast.com/episodes/165_Comprehending_Part-6.mp3,37700,1,147709836,1,URL,Denver Snuffer Podcast,2022-08-20 21:49:31,2022-07-17 20:45:00,Podcast,44100,4594000,3747740633,2022,Denver Snuffer
2022-08-20 21:50:04,True,542B1253BC2EBDAF,"166: Comprehending, Part 7",MPEG audio file,True,256,2022-10-11 23:59:01,,"Released July 24, 2022",166,http://media.blubrry.com/denversnufferpodcast/denversnufferpodcast.com/episodes/166_Comprehending_Part-7.mp3,37702,2,101326396,1,URL,Denver Snuffer Podcast,2022-08-20 21:50:04,2022-07-24 20:00:00,Podcast,44100,3144000,3748355941,2022,Denver Snuffer
2022-09-03 17:54:27,True,82E4DF007F9DA42B,"167: Contradiction, Part 1",MPEG audio file,True,256,2022-12-30 19:58:35,,"Released August 28, 2022",167,http://media.blubrry.com/denversnufferpodcast/denversnufferpodcast.com/episodes/167_Contradiction_Part-1.mp3,37746,1,82859288,1,URL,Denver Snuffer Podcast,2022-09-03 17:54:27,2022-08-29 01:50:00,Podcast,44100,2567000,3755249915,2022,Denver Snuffer
2022-09-04 17:53:49,True,30EC83BEB15CAD32,"168: Contradiction, Part 2",MPEG audio file,True,256,2022-12-31 20:01:36,,"Released September 4, 2022",168,http://media.blubrry.com/denversnufferpodcast/denversnufferpodcast.com/episodes/168_Contradiction_Part-2.mp3,37770,1,84514409,1,URL,Denver Snuffer Podcast,2022-09-04 17:53:49,2022-09-04 13:45:00,Podcast,44100,2619000,3755336496,2022,Denver Snuffer
2022-11-27 02:12:39,True,10BCADB3B54C89C0,"169: Good Cheer, Continued",MPEG audio file,True,256,2023-01-04 20:00:46,,"Released October 23, 2022",169,http://media.blubrry.com/denversnufferpodcast/denversnufferpodcast.com/episodes/169_Good-Cheer_Part-2.mp3,38494,1,67630525,1,URL,Denver Snuffer Podcast,2022-11-27 02:12:39,2022-10-24 01:20:00,Podcast,44100,2091000,3755682046,2022,Denver Snuffer
2022-11-27 02:14:56,True,3D6C20025A162E8C,"170: Good Cheer, Part 3",MPEG audio file,True,256,2023-01-18 20:07:11,,"Released October 30, 2022",170,http://media.blubrry.com/denversnufferpodcast/denversnufferpodcast.com/episodes/170_Good-Cheer_Part-3.mp3,38526,1,115552091,1,URL,Denver Snuffer Podcast,2022-11-27 02:14:56,2022-10-31 05:40:00,Podcast,44100,3588075,3756892031,2022,Denver Snuffer
2022-11-27 02:16:36,True,4E390FB255BBDFFF,171: Added Upon,MPEG audio file,True,256,2023-01-21 21:02:22,,"Released November 6, 2022",171,http://media.blubrry.com/denversnufferpodcast/denversnufferpodcast.com/episodes/171_Added-Upon.mp3,38536,1,111460218,1,URL,Denver Snuffer Podcast,2022-11-27 02:16:36,2022-11-08 04:58:34,Podcast,44100,3460205,3757154542,2022,Denver Snuffer
2022-11-29 02:12:07,True,CEFF1679BBC599A7,"172: Cry Peace, Part 1",MPEG audio file,True,256,2023-02-18 01:19:40,,"Released November 27, 2022",172,http://media.blubrry.com/denversnufferpodcast/denversnufferpodcast.com/episodes/172_Cry-Peace_Part-1.mp3,38578,1,100896217,1,URL,Denver Snuffer Podcast,2022-11-29 02:12:07,2022-11-28 02:45:00,Podcast,44100,3130070,3759502780,2022,Denver Snuffer
