date_added,persistent_id,name,kind,podcast,bitrate,play_date_utc,unplayed,location,file_folder_count,track_id,play_count,size,library_folder_count,track_type,album,sort_name,date_modified,release_date,genre,sample_rate,total_time,play_date,year,artist
2022-01-04 02:36:31,653D1BD776849BCF,How does a Utah Mom Stay LDS when Her Beloved Son is Gay,,True,,2019-10-16 19:31:49,True,https://cdn.simplecast.com/audio/14f821/14f8212a-0f65-4e66-89f3-e38f5d547ebe/958f60d9-573c-4cbc-9bab-0318c3f76199/becky-mackintosh-podcast_tc.mp3?aid=rss_feed&feed=gYmLzuwR,,12696,,75657188,,URL,Everyday Saints,,,2019-09-25 20:06:36,Podcast,,4822000,3654077509,,"Valerie Loveless, Becky Mackintosh, Cedar Fort Publishing and Media"
2022-01-04 02:36:31,37FD58B85E5A65A8,The Ward Cartoonist,,True,,2019-10-24 18:19:26,True,https://cdn.simplecast.com/audio/14f821/14f8212a-0f65-4e66-89f3-e38f5d547ebe/1114340e-2299-4dcf-9e1b-9358f5ab361e/arie-van-de-graaff-9-26-19-4-56-pm_tc.mp3?aid=rss_feed&feed=gYmLzuwR,,12698,,21368410,,URL,Everyday Saints,Ward Cartoonist,,2019-10-01 06:00:22,Podcast,,1335000,3654764366,,"Arie Van De Graaff, Valerie Loveless"
2022-01-04 02:36:31,758520A76EF003B9,Did Brother Brigham catch a Sea Monster in Bear Lake?,,True,,2019-11-01 15:04:39,True,https://cdn.simplecast.com/audio/14f821/14f8212a-0f65-4e66-89f3-e38f5d547ebe/7c2c96af-ab57-4fbc-aa53-5eee6ab82b56/rebekah-pitts-9-19-19-4-05-pm_tc.mp3?aid=rss_feed&feed=gYmLzuwR,,12700,,40684509,,URL,Everyday Saints,,,2019-10-02 06:00:05,Podcast,,2528000,3655443879,,"Valerie Loveless, Rebekah Pitts"
2022-01-04 02:36:31,66D11C1E7800CA09,We are All Paralyzed,,True,,2019-11-06 00:52:16,True,https://cdn.simplecast.com/audio/14f821/14f8212a-0f65-4e66-89f3-e38f5d547ebe/af1029b3-272a-4876-b7fe-60af752bf4a9/brandon-sulser_tc.mp3?aid=rss_feed&feed=gYmLzuwR,,12702,,59176340,,URL,Everyday Saints,,,2019-10-07 06:00:20,Podcast,,4354000,3655821136,,"Brandon Sulser, Bryce Mortimer, Valerie Loveless"
2022-01-04 02:36:31,C8E92AE10D59DCAD,How Many Degrees Can One Woman Hold?,,True,,2019-11-10 01:24:46,True,https://cdn.simplecast.com/audio/14f821/14f8212a-0f65-4e66-89f3-e38f5d547ebe/08ddc337-4780-4b03-8746-3b90c26048fb/trina-boice_tc.mp3?aid=rss_feed&feed=gYmLzuwR,,12704,,46475098,,URL,Everyday Saints,,,2019-10-08 06:00:02,Podcast,,3101000,3656168686,,"Trina Boice, Valerie Loveless"
2022-01-04 02:36:31,3196088903DB69EB,Stop Bullying Early Returned Missionaries,,True,,2019-11-12 00:48:14,True,https://cdn.simplecast.com/audio/14f821/14f8212a-0f65-4e66-89f3-e38f5d547ebe/3d3461f2-c481-45c5-970d-389816f219d0/kristen-reber-recording-3-2019-09-25-t02-15-33am-kreber75_tc.mp3?aid=rss_feed&feed=gYmLzuwR,,12706,,44979789,,URL,Everyday Saints,,,2019-10-09 06:00:05,Podcast,,3121000,3656339294,,"Valerie Loveless, Kristen Reber"
2022-01-04 02:36:31,D15ECFC7A4A2AE82,Creating Romance by the Seat of Your Pants,,True,,,True,https://cdn.simplecast.com/audio/14f821/14f8212a-0f65-4e66-89f3-e38f5d547ebe/efbb7e6f-0ff3-4eaf-aded-d701f8b9c82b/julie-matern-10-8-19-4-37-pm-audio-1_tc.mp3?aid=rss_feed&feed=gYmLzuwR,,12708,,52446302,,URL,Everyday Saints,,,2019-10-14 06:00:02,Podcast,,3322000,,,"Valerie Loveless, Julie Matern"
2022-01-04 02:36:31,C11419941188A26B,How one Man Makes Testimonies Easier,,True,,,True,https://cdn.simplecast.com/audio/14f821/14f8212a-0f65-4e66-89f3-e38f5d547ebe/c94f18f5-30f2-4bc3-9f3a-0b7b40c1cd78/david-ridges_tc.mp3?aid=rss_feed&feed=gYmLzuwR,,12710,,58979310,,URL,Everyday Saints,,,2019-10-15 06:00:22,Podcast,,3686000,,,"Valerie Loveless, Bryce Mortimer, David Ridges"
2022-01-04 02:36:31,9524F386663B1B90,Convincing the World to Make More Babies,,True,,2019-11-14 18:24:00,True,https://cdn.simplecast.com/audio/14f821/14f8212a-0f65-4e66-89f3-e38f5d547ebe/36ce6cc6-0695-40e8-8ff4-f0d631514997/shelly-locke_tc.mp3?aid=rss_feed&feed=gYmLzuwR,,12712,,29174951,,URL,Everyday Saints,,,2019-10-16 06:00:01,Podcast,,1823000,3656575440,,"Anne Marie Oborn, Valerie Loveless, Shelly Locke"
2022-01-04 02:36:31,98457781A98BEC46,Why a Gay Man Would Join the Mormon Church,,True,,2019-11-14 17:47:53,True,https://cdn.simplecast.com/audio/14f821/14f8212a-0f65-4e66-89f3-e38f5d547ebe/06d22d47-70a9-4d8e-92ca-c1d24c300230/is-he-nuts-interview-final_tc.mp3?aid=rss_feed&feed=gYmLzuwR,,12714,,35834107,,URL,Everyday Saints,,,2019-10-21 15:55:35,Podcast,,2634000,3656573273,,"Valerie Loveless, Dennis Schleicher, Bryce Mortimer"
2022-01-04 02:36:31,D165A626318C8C03,Can Women Receive and Exercise the Priesthood,,True,,2019-11-13 22:44:30,True,https://cdn.simplecast.com/audio/14f821/14f8212a-0f65-4e66-89f3-e38f5d547ebe/fee65200-101f-4f21-94eb-45bdfc8152a3/rob-line_tc.mp3?aid=rss_feed&feed=gYmLzuwR,,12716,,57262723,,URL,Everyday Saints,,,2019-10-22 06:00:05,Podcast,,3579000,3656504670,,"C. Robert Line, Valerie Loveless"
2022-01-04 02:36:31,BF1913454FA32C24,She be writing 'bout pirates in bedclothes,,True,,2019-11-13 15:45:32,True,https://cdn.simplecast.com/audio/14f821/14f8212a-0f65-4e66-89f3-e38f5d547ebe/23196a28-96db-4908-92c6-290cbb76390b/sarah-hadsell-behind-the-scenes_tc.mp3?aid=rss_feed&feed=gYmLzuwR,,12718,,20907248,,URL,Everyday Saints,,,2019-10-23 06:00:14,Podcast,,1319000,3656479532,,"Valerie Loveless, Sarah Hadsell"
2022-01-04 02:36:31,E05A38D0E03EE502,How to Sell Millions of Books: A History of Cedar Fort,,True,,2019-11-05 22:26:37,True,https://cdn.simplecast.com/audio/14f821/14f8212a-0f65-4e66-89f3-e38f5d547ebe/234d9611-aff2-4473-a6d4-d854357d07b7/history-of-cedar-fort-final_tc.mp3?aid=rss_feed&feed=gYmLzuwR,,12720,,62695026,,URL,Everyday Saints,,,2019-10-29 06:00:03,Podcast,,4069000,3655812397,,"Bryce Mortimer, Valerie Loveless"
2022-01-04 02:36:31,A91D8B31A7B4967B,Temple Insights and Conversion Stories - A Conversation with Alonzo Gaskill,,True,,2019-10-31 17:53:13,True,https://cdn.simplecast.com/audio/14f821/14f8212a-0f65-4e66-89f3-e38f5d547ebe/2be9193f-4cff-4449-9d02-4d589eb5e73f/alonzo-gaskill_tc.mp3?aid=rss_feed&feed=gYmLzuwR,,12722,,49887819,,URL,Everyday Saints,,,2019-10-30 06:00:11,Podcast,,3118000,3655367593,,"Valerie Loveless, Alonzo Gaskill, Bryce Mortimer"
2022-01-04 02:36:31,2A48051317C52F5B,"Date, Fail, Write About it, Repeat",,True,,2019-12-21 21:56:21,True,https://cdn.simplecast.com/audio/14f821/14f8212a-0f65-4e66-89f3-e38f5d547ebe/b9835b07-8076-468e-a7b8-9955ba4fcaf4/chelseacurran_tc.mp3?aid=rss_feed&feed=gYmLzuwR,,12724,,43684683,,URL,Everyday Saints,,,2019-10-31 15:10:38,Podcast,,3017000,3659784981,,"Chelsea Curran, Valerie Loveless"
2022-01-04 02:36:31,3CB583E577B660BD,"Moroni, Helping You Shake the Powers of Evil.",,True,,2019-11-12 20:23:06,True,https://cdn.simplecast.com/audio/14f821/14f8212a-0f65-4e66-89f3-e38f5d547ebe/cfd9b9d5-d2af-4de2-99fc-c38590d42277/sean-nobmann-final_tc.mp3?aid=rss_feed&feed=gYmLzuwR,,12726,,47850295,,URL,Everyday Saints,,,2019-11-04 07:00:01,Podcast,,2991000,3656409786,,"Valerie Loveless, Sean Nobmann"
2022-01-04 02:36:31,68D811A167655BBC,Walking with the Women of the Book of Mormon,,True,,2019-11-11 22:10:56,True,https://cdn.simplecast.com/audio/14f821/14f8212a-0f65-4e66-89f3-e38f5d547ebe/34ace3b0-7f9f-4415-aa6d-244077de2790/walking-with-the-women-of-the-book-of-mormon_tc.mp3?aid=rss_feed&feed=gYmLzuwR,,12728,,38208957,,URL,Everyday Saints,,,2019-11-05 07:00:02,Podcast,,3074000,3656329856,,"Heather Farrel, Mandy Williams, Valerie Loveless"
2022-01-04 02:36:31,85F68496FFD591CA,"Romance, Laughter and Dishes: What Hot Mess Mom's Know",,True,,2019-11-08 17:38:56,True,https://cdn.simplecast.com/audio/14f821/14f8212a-0f65-4e66-89f3-e38f5d547ebe/edbd1b5c-c8b2-4295-a973-47c8a3ff351b/aspen-hadleyfinal_tc.mp3?aid=rss_feed&feed=gYmLzuwR,,12730,,69796240,,URL,Everyday Saints,,,2019-11-06 07:00:14,Podcast,,4528000,3656054336,,"Valerie Loveless, Aspen Hadley"
2022-01-04 02:36:31,7C7F22C05FBB4502,The Road to Freedom: WWII LDS Fiction from the German Perspective,,True,,2020-01-17 19:15:42,True,https://cdn.simplecast.com/audio/14f821/14f8212a-0f65-4e66-89f3-e38f5d547ebe/65828cbb-c842-46b8-a220-582996b8c057/sean-pollockfinal_tc.mp3?aid=rss_feed&feed=gYmLzuwR,,12732,,45126511,,URL,Everyday Saints,Road to Freedom: WWII LDS Fiction from the German Perspective,,2019-11-11 07:00:04,Podcast,,2820000,3662108142,,"Shawn Pollock, Valerie Loveless"
2022-01-04 02:36:31,C2E60F6DF5E72EC4,Saints at War with Robert C. Freeman Part One Veterans Day Special,,True,,2020-01-04 20:21:39,True,https://cdn.simplecast.com/audio/14f821/14f8212a-0f65-4e66-89f3-e38f5d547ebe/5c0bb28b-5a7e-47c6-9e34-5289b071a168/bob-freeman1_tc.mp3?aid=rss_feed&feed=gYmLzuwR,,12734,,29989369,,URL,Everyday Saints,,,2019-11-12 07:00:10,Podcast,,1889000,3660988899,,"Valerie Loveless, Bob Freeman, Robert C. Freeman"
2022-01-04 02:36:31,D117645F5B251DBB,Saints at War: Veterans Day Special Part two with Robert Freeman,,True,,2019-12-05 23:42:09,True,https://cdn.simplecast.com/audio/14f821/14f8212a-0f65-4e66-89f3-e38f5d547ebe/fa98a668-835f-47d3-a69e-68f8ecc2dd7e/bob-freeman2_tc.mp3?aid=rss_feed&feed=gYmLzuwR,,12736,,36863391,,URL,Everyday Saints,,,2019-11-13 07:00:02,Podcast,,2304000,3658408929,,"Valerie Loveless, Robert C Freeman"
2022-01-04 02:36:31,A598B702699718B1,From Lesbian Moms to LDS Mission: Mike Ramsey,,True,,2019-12-06 00:53:45,True,https://cdn.simplecast.com/audio/14f821/14f8212a-0f65-4e66-89f3-e38f5d547ebe/2b4b681d-ebe5-46e8-b4a3-900b8e80afd5/mike-ramseyfinal_tc.mp3?aid=rss_feed&feed=gYmLzuwR,,12738,,68728145,,URL,Everyday Saints,,,2019-11-18 14:28:04,Podcast,,4295000,3658413225,,"Valerie Loveless, Mike Ramsey"
2022-01-04 02:36:31,312024DDDD0C3C92,"Millennial and Boomer talk Jesus, Smart Phones and LGBTQ",,True,,2019-12-06 19:27:02,True,https://cdn.simplecast.com/audio/14f821/14f8212a-0f65-4e66-89f3-e38f5d547ebe/3dd164ff-bfdb-45c5-9972-6abf9b8c313f/michael-grant_tc.mp3?aid=rss_feed&feed=gYmLzuwR,,12740,,60545811,,URL,Everyday Saints,,,2019-11-19 07:00:11,Podcast,,4340000,3658480022,,"Valerie Loveless, Michael Grant"
2022-01-04 02:36:31,D4741D394B0C464C,Let's Remove the Stigma from Mental Illness and Suicide,,True,,2019-12-06 21:13:10,True,https://cdn.simplecast.com/audio/14f821/14f8212a-0f65-4e66-89f3-e38f5d547ebe/38b1d9ae-89fc-44a1-8e27-d3739cf4803c/survivors-of-suicide-awareness-day_tc.mp3?aid=rss_feed&feed=gYmLzuwR,,12742,,77703779,,URL,Everyday Saints,,,2019-11-20 07:00:05,Podcast,,4863000,3658486390,,"Wendy Parmley, Valerie Loveless"
2022-01-04 02:36:31,C7C1BCCD9B242D70,What to Read this Holiday: New Releases and Children's Books,,True,,2019-12-06 21:13:24,True,https://cdn.simplecast.com/audio/14f821/14f8212a-0f65-4e66-89f3-e38f5d547ebe/da6852e7-6e9c-4a12-8a0e-86c3e5051929/what-to-read_tc.mp3?aid=rss_feed&feed=gYmLzuwR,,12744,,18694207,,URL,Everyday Saints,,,2019-11-25 17:39:33,Podcast,,1168000,3658486404,,"Emily Pritchet, Brooklyn Parks, Calie Schmidt, Stephanie Hohl, Valerie Loveless, Nina Harris"
2022-01-04 02:36:31,7458D986CB48E473,"The Trials that Define Us: Jeff Olsen, Emily Gould, Bryan Young",,True,,2020-01-18 19:31:28,True,https://cdn.simplecast.com/audio/14f821/14f8212a-0f65-4e66-89f3-e38f5d547ebe/10eeaf12-3ee5-408d-80a9-abc29bddf367/the-trials-that-define-who-we-are_tc.mp3?aid=rss_feed&feed=gYmLzuwR,,12746,,90280642,,URL,Everyday Saints,"Trials that Define Us: Jeff Olsen, Emily Gould, Bryan Young",,2019-12-09 18:42:43,Podcast,,5643000,3662195488,,"Emily Gould, Jeff Olsen, Bryan Young, Valerie Loveless"
2022-01-04 02:36:31,3CC6FFEBF5B92263,It's the Sign of the Times! David Ridges Discusses the Signs of the Second Coming,,True,,2020-01-18 20:55:01,True,https://cdn.simplecast.com/audio/14f821/14f8212a-0f65-4e66-89f3-e38f5d547ebe/28d232e1-77a8-4e95-bcda-6c954dd7198e/david-ridges-signs-of-the-times_tc.mp3?aid=rss_feed&feed=gYmLzuwR,,12748,,78767972,,URL,Everyday Saints,,,2019-12-16 22:07:16,Podcast,,4923000,3662200501,,"Valerie Loveless, David Ridges"
2022-01-04 02:36:31,CE5F63CAA677F39C,BYU Greek Scholar Describes an Historically Accurate Nativity: Thomas Wayment,,True,,,True,https://cdn.simplecast.com/audio/14f821/14f8212a-0f65-4e66-89f3-e38f5d547ebe/4d48562f-935b-4046-94cc-5f3ca3e81c44/thomas-wayment_tc.mp3?aid=rss_feed&feed=gYmLzuwR,,12750,,51223778,,URL,Everyday Saints,,,2019-12-23 14:00:19,Podcast,,3201000,,,"Valerie Loveless, Thomas Wayment"
2022-01-04 02:36:31,FCDBD6DB2F25FA11,How to Get Fit For GOOD for the new year! Dr. Rich Tenney,,True,,,True,https://cdn.simplecast.com/audio/14f821/14f8212a-0f65-4e66-89f3-e38f5d547ebe/4785da0a-fc57-4d80-8b98-2653a3f1cfa9/rich-tenney-fixed_tc.mp3?aid=rss_feed&feed=gYmLzuwR,,12752,,29680528,,URL,Everyday Saints,,,2019-12-31 01:07:04,Podcast,,2266000,,,"Valerie Loveless, Dr. Rich Tenney"
2022-01-04 02:36:31,DA0320DFD2EC30BB,New Years Resolution Resolve: Inspiration for Health and Fitness with Angela Larkin,,True,,,True,https://cdn.simplecast.com/audio/14f821/14f8212a-0f65-4e66-89f3-e38f5d547ebe/e851a1be-4a79-4294-96b4-84de0061994b/angela-larkin-final_tc.mp3?aid=rss_feed&feed=gYmLzuwR,,12754,,49885522,,URL,Everyday Saints,,,2019-12-31 07:00:02,Podcast,,4019000,,,"Angela Larkin, Valerie Loveless"
2022-01-04 02:36:31,2743BE8A1AB32D2C,The User Friendly Book of Mormon for your 2020 Study of Come Follow Me,,True,,,True,https://cdn.simplecast.com/audio/14f821/14f8212a-0f65-4e66-89f3-e38f5d547ebe/efb7167c-5836-4fac-9619-90641ff79af4/marilyn-faulkner_tc.mp3?aid=rss_feed&feed=gYmLzuwR,,12756,,53431835,,URL,Everyday Saints,User Friendly Book of Mormon for your 2020 Study of Come Follow Me,,2020-01-06 17:10:37,Podcast,,3485000,,,"Marilyn Faulkner, Valerie Loveless"
2022-01-04 02:36:31,977F585707FF7D78,Change the Way you Study the Scriptures for the Easiest Reference,,True,,,True,https://cdn.simplecast.com/audio/14f821/14f8212a-0f65-4e66-89f3-e38f5d547ebe/ad70c1e8-06ca-450a-96fd-2a33725ff820/richard-bernard_tc.mp3?aid=rss_feed&feed=gYmLzuwR,,12758,,71902131,,URL,Everyday Saints,,,2020-01-13 07:00:20,Podcast,,4494000,,,"Richard Bernard, Valerie Loveless"
2022-01-04 02:36:31,1394E12EE5A1B544,"Addiction, Redemption, Faith, and Healing",,True,,,True,https://cdn.simplecast.com/audio/14f821/14f8212a-0f65-4e66-89f3-e38f5d547ebe/f1e67ac4-4812-42f3-b699-df4b37d06c54/kelly-thompson_tc.mp3?aid=rss_feed&feed=gYmLzuwR,,12760,,46477658,,URL,Everyday Saints,,,2020-01-14 07:00:05,Podcast,,2925000,,,Kelly Thompson
2022-01-04 02:36:31,C4575E0A344ED975,Children's Books You Really Need,,True,,2020-01-24 19:59:38,True,https://cdn.simplecast.com/audio/14f821/14f8212a-0f65-4e66-89f3-e38f5d547ebe/4470e871-04bc-4cca-a25f-412ddc9c8f7e/childrens-books-january_tc.mp3?aid=rss_feed&feed=gYmLzuwR,,12762,,49636214,,URL,Everyday Saints,,,2020-01-20 20:02:09,Podcast,,3102000,3662715578,,Valerie Loveless
2022-01-04 02:36:31,21F139D74CE8CFB7,"60 year old man hikes the 700 mile Israel Trail with a 50 lb pack, learns many life lessons",,True,,2020-04-12 21:59:17,True,https://cdn.simplecast.com/audio/14f821/14f8212a-0f65-4e66-89f3-e38f5d547ebe/358c9fb7-4f24-4cbe-9513-e7827bbecbd9/aryeh-green-mp3_tc.mp3?aid=rss_feed&feed=gYmLzuwR,,12764,,46597069,,URL,Everyday Saints,,,2020-01-27 16:59:45,Podcast,,3098000,3669551957,,"Aryeh Green, Valerie Loveless"
2022-01-04 02:36:31,CFCCE3FC667E3BE2,Fascinating Facts about Latter-day Saint Temples with Rebekah Pitts,,True,,,True,https://cdn.simplecast.com/audio/14f821/14f8212a-0f65-4e66-89f3-e38f5d547ebe/717f7411-f674-438f-9180-f4d27ff9a8d1/rebeka-pits-temple_tc.mp3?aid=rss_feed&feed=gYmLzuwR,,12766,,56060665,,URL,Everyday Saints,,,2020-02-03 18:30:57,Podcast,,3504000,,,"Rebekah Pitts, Valerie Loveless"
2022-01-04 02:36:31,2DD3050BD38879B9,"Romance, Polygamy, History and British Game Shows: Catherine McGreevy",,True,,,True,https://cdn.simplecast.com/audio/14f821/14f8212a-0f65-4e66-89f3-e38f5d547ebe/9c507549-66af-45eb-b938-a27eaa6acfd1/catherine-mcgreevy-final_tc.mp3?aid=rss_feed&feed=gYmLzuwR,,12768,,46277026,,URL,Everyday Saints,,,2020-02-10 07:00:23,Podcast,,2892000,,,"Cathy McGreevy, Valerie Loveless"
2022-01-04 02:36:31,0D04AEF0F188A5AE,"Wanna Be Balanced Mom, Crystal Escobar",,True,,,True,https://cdn.simplecast.com/audio/14f821/14f8212a-0f65-4e66-89f3-e38f5d547ebe/e60f6e7b-2d74-4f2f-a094-49a18b081877/crystal-escobar-final_tc.mp3?aid=rss_feed&feed=gYmLzuwR,,12770,,52476938,,URL,Everyday Saints,,,2020-03-02 16:56:56,Podcast,,3531000,,,"Valerie Loveless, Crystal Escobar"
2022-01-04 02:36:31,51733D69DE195677,"Hot Mess Mom's are Back:  Writing Styles, Chipoo's and Chicken's Sarah McConkie and Aspen Hadley",,True,,,True,https://cdn.simplecast.com/audio/14f821/14f8212a-0f65-4e66-89f3-e38f5d547ebe/c3d73c57-d1e2-4036-9756-e62164cc9e19/sarah-mcconkie-final-with-instagram-giveaway_tc.mp3?aid=rss_feed&feed=gYmLzuwR,,12772,,64433049,,URL,Everyday Saints,,,2020-03-09 16:21:30,Podcast,,4027000,,,"Valerie Loveless, Sarah McConkie, Aspen Hadley"
2022-01-04 02:36:31,EC61578E9F6C8F4F,Discovering the Sacred Grove with Susan McCloud,,True,,2020-04-12 20:43:14,True,https://cdn.simplecast.com/audio/14f821/14f8212a-0f65-4e66-89f3-e38f5d547ebe/d4b713db-7de1-47ef-b4cf-5056678d8d54/susan-mccloud-final_tc.mp3?aid=rss_feed&feed=gYmLzuwR,,12774,,47886881,,URL,Everyday Saints,,,2020-03-16 06:00:05,Podcast,,2993000,3669547394,,"Valerie Loveless, Susan Evans McCloud"
2022-01-04 02:36:31,08FE929398931B95,Visions of Heaven Audiobook Sample,,True,,,True,https://cdn.simplecast.com/audio/14f821/14f8212a-0f65-4e66-89f3-e38f5d547ebe/9bb819c8-6b69-4d0a-9189-7a1d835f8981/visions-of-heaven-sample_tc.mp3?aid=rss_feed&feed=gYmLzuwR,,12776,,36400109,,URL,Everyday Saints,,,2020-03-23 22:03:02,Podcast,,2275000,,,"Lucy Bradford, Valerie Loveless"
2022-01-04 02:36:31,2D8A68FD7BAB7269,"Ideas, and Tips From a Teacher on Teaching Your Kids at Home",,True,,2020-04-03 16:39:23,True,https://cdn.simplecast.com/audio/14f821/14f8212a-0f65-4e66-89f3-e38f5d547ebe/a7a7dff6-416f-483f-ad2f-a8f83756b105/sierra-wilson_tc.mp3?aid=rss_feed&feed=gYmLzuwR,,12778,,30391234,,URL,Everyday Saints,,,2020-03-30 19:21:09,Podcast,,1899000,3668755163,,Sierra Wilson
2022-01-04 02:36:31,5650E4DAFF774B45,Finding Hope with Domestic Violence: Shannon Symmonds,,True,,,True,https://cdn.simplecast.com/audio/14f821/14f8212a-0f65-4e66-89f3-e38f5d547ebe/41ad1e4d-fe74-4776-a829-5edc5efd6a72/shannon-symonds-emergency-podcast_tc.mp3?aid=rss_feed&feed=gYmLzuwR,,12780,,44933338,,URL,Everyday Saints,,,2020-04-06 17:59:02,Podcast,,2808000,,,"Shannon Symonds, Valerie Loveless"
2022-01-04 02:36:31,0975363D26919861,"Fireside, a night with David Ridges: Signs of the Times!",,True,,2020-06-17 13:38:43,True,https://cdn.simplecast.com/audio/14f821/14f8212a-0f65-4e66-89f3-e38f5d547ebe/2ebdf4a9-9e97-485a-88dc-1ae87fb8738a/a-night-with-david-ridges_tc.mp3?aid=rss_feed&feed=gYmLzuwR,,12782,,65146506,,URL,Everyday Saints,,,2020-04-13 15:48:47,Podcast,,4072000,3675224323,,David Ridges
2022-01-04 02:36:31,B1E0BD81226DCBD1,Divorce in Zion: Reg Christensen,,True,,,True,https://cdn.simplecast.com/audio/14f821/14f8212a-0f65-4e66-89f3-e38f5d547ebe/16a70ec4-9c21-4365-9e8b-b91166c0e9a7/reg-christiansen_tc.mp3?aid=rss_feed&feed=gYmLzuwR,,12784,,66861810,,URL,Everyday Saints,,,2020-04-20 20:07:21,Podcast,,4179000,,,"Reg Christensen, Valerie Loveless"
2022-01-04 02:36:31,29E44B9780D6E360,FBI Agent Moonlighting as a Bishop,,True,,2020-05-29 21:45:01,True,https://cdn.simplecast.com/audio/14f821/14f8212a-0f65-4e66-89f3-e38f5d547ebe/068f0730-c129-40c5-83c5-3bbf1f142695/agent-bishop_tc.mp3?aid=rss_feed&feed=gYmLzuwR,,12786,,63513121,,URL,Everyday Saints,,,2020-05-07 16:45:19,Podcast,,3970000,3673611901,,Mike McPheters
2022-01-04 02:36:31,F07C61660B8414E9,Glimpsing Eternity: How our perspectives can better line up with Gods.,,True,,2020-05-26 17:09:50,True,https://cdn.simplecast.com/audio/14f821/14f8212a-0f65-4e66-89f3-e38f5d547ebe/8143cad7-cb10-4ab0-a3ed-a714f616e791/dwight-monson_tc.mp3?aid=rss_feed&feed=gYmLzuwR,,12788,,45174326,,URL,Everyday Saints,,,2020-05-11 06:00:08,Podcast,,2823000,3673336190,,"Dwight Monson, Valerie Loveless"
2022-01-04 02:36:31,BB01BE1CB6A63AEB,Angry with God?,,True,,,True,https://cdn.simplecast.com/audio/14f821/14f8212a-0f65-4e66-89f3-e38f5d547ebe/3bc04f64-8113-4460-aa50-5d9cfddf39d5/scott-frazer-final_tc.mp3?aid=rss_feed&feed=gYmLzuwR,,12790,,43978127,,URL,Everyday Saints,,,2020-05-18 17:42:08,Podcast,,2749000,,,"Scott Frazer, Valerie Loveless"
2022-01-04 02:36:31,350B53F3F9F079A8,Modern Day Missionary,,True,,,True,https://cdn.simplecast.com/audio/14f821/14f8212a-0f65-4e66-89f3-e38f5d547ebe/cceb88bb-face-4d21-bfb7-5a9a1e21d1c1/modern-day-missionary_tc.mp3?aid=rss_feed&feed=gYmLzuwR,,12792,,40529663,,URL,Everyday Saints,,,2020-05-26 06:00:09,Podcast,,2677000,,,"Dakota Pierce, Matthew spurrier, valerie loveless"
2022-01-04 02:36:31,0F6F3277DA7A43D9,Do's and Dont's of Regency Publishing: Angela Johnson,,True,,,True,https://cdn.simplecast.com/audio/14f821/14f8212a-0f65-4e66-89f3-e38f5d547ebe/838e293c-d705-4cd3-bd7b-9da149f2b228/angela-johnsonfinal_tc.mp3?aid=rss_feed&feed=gYmLzuwR,,12794,,57947476,,URL,Everyday Saints,,,2020-06-08 06:00:05,Podcast,,3806000,,,"Valerie Loveless, Angela Johnson, Valerie Loveless Producer"
2022-01-04 02:36:31,A8396EDEBFD251C8,The Aaronic Priesthood is not just for deacons,,True,,,True,https://cdn.simplecast.com/audio/14f821/14f8212a-0f65-4e66-89f3-e38f5d547ebe/117475f5-a43c-4794-8983-db5d723ae66c/nathan-nelsonfinal_tc.mp3?aid=rss_feed&feed=gYmLzuwR,,12796,,39697351,,URL,Everyday Saints,Aaronic Priesthood is not just for deacons,,2020-06-15 06:00:01,Podcast,,2593000,,,"Valerie Loveless, nathan Nelson"
2022-01-04 02:36:31,A81A0D564DE673C1,the Clash Between Science and Religion,,True,,,True,https://cdn.simplecast.com/audio/14f821/14f8212a-0f65-4e66-89f3-e38f5d547ebe/a54217e9-b5b8-46ce-a652-37cf8b39327c/trent-stephens_tc.mp3?aid=rss_feed&feed=gYmLzuwR,,12798,,36820953,,URL,Everyday Saints,Clash Between Science and Religion,,2020-06-22 17:07:53,Podcast,,3142000,,,"Trent Stephens, Valerie Loveless, Valerie Loveless producer"
2022-01-04 02:36:31,9B3BA8D7306C4B34,Knowing Your Self Worth and the Meaning of Your Mission,,True,,2020-07-25 21:07:51,True,https://cdn.simplecast.com/audio/14f821/14f8212a-0f65-4e66-89f3-e38f5d547ebe/67337c8b-b5a5-480f-915d-9e796db10469/drew-young-finished_tc.mp3?aid=rss_feed&feed=gYmLzuwR,,12800,,33064648,,URL,Everyday Saints,,,2020-06-29 06:00:06,Podcast,,2444000,3678534471,,"Valerie Loveless, Valerie Loveless Producer, Drew Young"
2022-01-04 02:36:31,6A6D7BB019D6246B,Archaeology and the Gadianton Robbers Parallels,,True,,2020-07-25 22:04:34,True,https://cdn.simplecast.com/audio/14f821/14f8212a-0f65-4e66-89f3-e38f5d547ebe/09e10590-c4f5-4f61-9679-489811ff49c1/troy-smtih-final_tc.mp3?aid=rss_feed&feed=gYmLzuwR,,12802,,33677691,,URL,Everyday Saints,,,2020-07-06 06:00:04,Podcast,,2512000,3678537874,,"Valerie Loveless Producer, Valerie Loveless, Troy Smith"
2022-01-04 02:36:31,AD200A89C5902E66,Therapy or Writing? I'll take Writing Please!,,True,,2020-07-27 13:36:13,True,https://cdn.simplecast.com/audio/14f821/14f8212a-0f65-4e66-89f3-e38f5d547ebe/9738cc9f-39de-4dcc-922f-2d901769f257/calie-schmidt-ransom-final_tc.mp3?aid=rss_feed&feed=gYmLzuwR,,12804,,27423492,,URL,Everyday Saints,,,2020-07-13 06:00:03,Podcast,,2072000,3678680173,,"Valerie Loveless, Calie Schmidt"
2022-01-04 02:36:31,3EF39F48ACE256D3,Building a life after exceptional loss,,True,,,True,https://cdn.simplecast.com/audio/14f821/14f8212a-0f65-4e66-89f3-e38f5d547ebe/f4db775e-bb0f-4d86-9386-6161b37587d6/julie-cluff-final_tc.mp3?aid=rss_feed&feed=gYmLzuwR,,12806,,31796994,,URL,Everyday Saints,,,2020-07-20 06:00:06,Podcast,,2390000,,,"Build a life after loss, Valerie Loveless, Julie Cluff, Valerie Loveless producer"
2022-01-04 02:36:31,5373A5E320729AB0,The First Women to Enter the Salt Lake Valley,,True,,,True,https://cdn.simplecast.com/audio/14f821/14f8212a-0f65-4e66-89f3-e38f5d547ebe/b6c4d2b2-bd6e-44a2-a6eb-dfd7e5d0b054/women-of-the-early-church-1_tc.mp3?aid=rss_feed&feed=gYmLzuwR,,12808,,21455974,,URL,Everyday Saints,First Women to Enter the Salt Lake Valley,,2020-07-27 06:00:03,Podcast,,1541000,,,"Valerie Loveless Producer, Susan Evans McCloud"
2022-01-04 02:36:31,ECC65717852920BA,Discovering the Amazing Jaredites with George Potter,,True,,2020-09-12 17:18:07,True,https://cdn.simplecast.com/audio/14f821/14f8212a-0f65-4e66-89f3-e38f5d547ebe/323b3d92-08d5-4771-8e3f-db643d25057a/george-potter-final_tc.mp3?aid=rss_feed&feed=gYmLzuwR,,12810,,28152478,,URL,Everyday Saints,,,2020-08-17 06:00:27,Podcast,,2364000,3682754287,,"Valerie Loveless Producer, George Potter, Valerie Loveless"
2022-01-04 02:36:31,EBB99D4F0A25D1DB,"I see your suffering, I see your pain, I see you.",,True,,,True,https://cdn.simplecast.com/audio/14f821/14f8212a-0f65-4e66-89f3-e38f5d547ebe/115838d9-16f4-4b57-8856-fc8065678d57/julie-lee-i-see-you_tc.mp3?aid=rss_feed&feed=gYmLzuwR,,12812,,39505869,,URL,Everyday Saints,,,2020-08-31 06:00:04,Podcast,,2944000,,,"Valerie Loveless, Julie Lee"
2022-01-04 02:36:31,3A8A1A6293B1B7B0,Listen Learn and Love with Richard Ostler,,True,,,True,https://cdn.simplecast.com/audio/14f821/14f8212a-0f65-4e66-89f3-e38f5d547ebe/5016e18f-586a-4890-8d3a-bc27f4ecbc2b/richard-ostler-final_tc.mp3?aid=rss_feed&feed=gYmLzuwR,,12814,,34152989,,URL,Everyday Saints,,,2020-09-07 06:00:33,Podcast,,2553000,,,"richard ostler, valerie loveless"
2022-01-04 02:36:31,649040E4D7764AC3,Exploring the Divine Feminine with Ramona Siddoway,,True,,,True,https://cdn.simplecast.com/audio/14f821/14f8212a-0f65-4e66-89f3-e38f5d547ebe/9e7580ac-0df0-42b9-bb0b-2451b6e972ab/ramona-siddowayfinal_tc.mp3?aid=rss_feed&feed=gYmLzuwR,,12816,,27200842,,URL,Everyday Saints,,,2020-09-14 14:43:27,Podcast,,2170000,,,"Ramona Siddoway, Valerie Loveless"
2022-01-04 02:36:31,CEF510A3E66FE188,Can we Find the Silver Linings of 2020? With Aspen Hadley,,True,,,True,https://cdn.simplecast.com/audio/14f821/14f8212a-0f65-4e66-89f3-e38f5d547ebe/bf12dfba-8b8d-4832-93f9-c8d60e02a966/2020-silver-linings_tc.mp3?aid=rss_feed&feed=gYmLzuwR,,12818,,33804419,,URL,Everyday Saints,,,2020-09-21 06:00:03,Podcast,,2601000,,,"valerie loveless, Aspen Hadley"
2022-01-04 02:36:31,DBC7F7BCB5258786,The Other Side of Fear,,True,,,True,https://cdn.simplecast.com/audio/14f8212a-0f65-4e66-89f3-e38f5d547ebe/episodes/dc63c409-7bc6-4759-8daf-e6f71af66e2a/audio/2117f2ab-6039-4fa6-b825-b5c51be21244/default_tc.mp3?aid=rss_feed&feed=gYmLzuwR,,12820,,30676012,,URL,Everyday Saints,Other Side of Fear,,2020-10-12 06:00:00,Podcast,,2071000,,,"Brock Heasley, Valerie Loveless"
2022-01-04 02:36:31,354BF1ED644B3EC2,"War with the Remnant, With Matthew Hughes",,True,,,True,https://cdn.simplecast.com/audio/14f8212a-0f65-4e66-89f3-e38f5d547ebe/episodes/8fa0d306-ee12-4706-b096-74f478cce702/audio/50c906c5-42b1-4c11-acaf-b4cc663fbd0e/default_tc.mp3?aid=rss_feed&feed=gYmLzuwR,,12822,,31802551,,URL,Everyday Saints,,,2020-10-19 18:47:18,Podcast,,2234000,,,"Matthew Huges, Valerie Loveless"
2022-01-04 02:36:31,1F14ADEED21A79DD,"Elizabeth Drysdale, Author of Edgy Beauty and the Beast Retelling.",,True,,,True,https://cdn.simplecast.com/audio/14f8212a-0f65-4e66-89f3-e38f5d547ebe/episodes/148497c5-7bb6-4dff-95a8-d9c19fb4355e/audio/f69ea4b1-27f1-41b2-a0b5-ec8050ce0263/default_tc.mp3?aid=rss_feed&feed=gYmLzuwR,,12824,,30276592,,URL,Everyday Saints,,,2020-11-09 07:00:00,Podcast,,2371000,,,"Valerie Loveless, Elizabeth Drysdale"
2022-01-04 02:36:31,A824221B4AF9CE6E,50 Relics of the Restoration of the Church of Jesus Christ of Latter-day Saints,,True,,,True,https://cdn.simplecast.com/audio/14f8212a-0f65-4e66-89f3-e38f5d547ebe/episodes/bacbdafd-2df4-4e6e-b6ed-fe06146672c4/audio/4d16afe6-c276-45ac-b84b-bdd2be65127a/default_tc.mp3?aid=rss_feed&feed=gYmLzuwR,,12826,,35267074,,URL,Everyday Saints,,,2020-11-16 07:00:00,Podcast,,2564000,,,"Valerie Loveless, Mary Jane Woodger, Casey Griffiths"
2022-01-04 02:36:31,8DA6CD83072A2444,"Christ versus Caesar: What is the ""Caesar"" in our lives today?",,True,,,True,https://cdn.simplecast.com/audio/14f8212a-0f65-4e66-89f3-e38f5d547ebe/episodes/d8ecff81-ec12-4c0a-aeda-454d3e3e24f2/audio/462d3cc1-a049-4208-b065-c324f54892cf/default_tc.mp3?aid=rss_feed&feed=gYmLzuwR,,12828,,33286979,,URL,Everyday Saints,,,2020-12-14 07:00:00,Podcast,,2406000,,,"connor boyack, Valerie Loveless"
2022-01-04 02:36:31,44154C1D086438A6,Trent Stephens: only 22% of LDS members believe in evolution,,True,,,True,https://cdn.simplecast.com/audio/14f8212a-0f65-4e66-89f3-e38f5d547ebe/episodes/3e3ba310-c479-442a-8f20-c02737612edc/audio/b6d7c42b-1230-4ceb-97b5-b6ca90af08e9/default_tc.mp3?aid=rss_feed&feed=gYmLzuwR,,12830,,21963203,,URL,Everyday Saints,,,2021-02-15 07:00:00,Podcast,,1855000,,,"Valerie Loveless, Trent Stephens"
2022-01-04 02:36:31,3DC3093F8793ABAF,"Missionary work in a pandemic, how to make it work",,True,,,True,https://cdn.simplecast.com/audio/14f8212a-0f65-4e66-89f3-e38f5d547ebe/episodes/a647a91b-13eb-4763-b0dc-e35a3ac95830/audio/fad9944c-45d2-49c8-bf74-1157024fc725/default_tc.mp3?aid=rss_feed&feed=gYmLzuwR,,12832,,20153569,,URL,Everyday Saints,,,2021-02-22 07:00:00,Podcast,,1655000,,,Cedar Fort Publishing and Media
2022-01-04 02:36:31,6459C18854256F27,Design Your Life with Jeff and Rhonna Farrer,,True,,,True,https://cdn.simplecast.com/audio/14f8212a-0f65-4e66-89f3-e38f5d547ebe/episodes/3094a464-08bd-43f3-8070-14f0a28a91c2/audio/48e6dd12-e83a-45bd-af56-6262e92fbef1/default_tc.mp3?aid=rss_feed&feed=gYmLzuwR,,12834,,31441859,,URL,Everyday Saints,,,2021-03-01 07:00:00,Podcast,,1966000,,,"Jeff Farrer, Rhonna Farrer, Valerie Loveless"
2022-01-04 02:36:31,23EF258DB40CC3AC,"President Nelson's Conference Challenge, With Kerry Muhlestein",,True,,,True,https://cdn.simplecast.com/audio/14f8212a-0f65-4e66-89f3-e38f5d547ebe/episodes/ba1e2b65-fa57-4b80-bdeb-2d02963851ee/audio/fe5d4b75-1b1b-46df-9285-95f0c198aaf4/default_tc.mp3?aid=rss_feed&feed=gYmLzuwR,,12836,,38672850,,URL,Everyday Saints,,,2021-03-08 07:00:00,Podcast,,2665000,,,"Valerie Loveless, Kerry Muhlestein"
2022-01-04 02:36:31,4CA62D3DB2307D24,"Near Death Experience, Woman sees grandmother on other side",,True,,,True,https://cdn.simplecast.com/audio/14f8212a-0f65-4e66-89f3-e38f5d547ebe/episodes/a4eaefdf-709a-48b1-92cd-3129c821f05b/audio/e1a53771-4eaf-4f1f-9fbc-b4a272169c76/default_tc.mp3?aid=rss_feed&feed=gYmLzuwR,,12838,,27101579,,URL,Everyday Saints,,,2021-03-15 06:00:00,Podcast,,2127000,,,"Rachel Anderson, Valerie Loveless"
2022-01-04 02:36:31,81B3C048C52C73AF,"God Comes to Women, a Viral Message",,True,,2021-08-04 18:14:48,,https://cdn.simplecast.com/audio/14f8212a-0f65-4e66-89f3-e38f5d547ebe/episodes/7ecefb96-1ee9-4a39-9fe6-c01a9dd413c5/audio/6a87ce68-6cb6-4047-ace3-8690422c6b55/default_tc.mp3?aid=rss_feed&feed=gYmLzuwR,,12840,2,51650186,,URL,Everyday Saints,,,2021-04-26 14:58:44,Podcast,,3229000,3710924088,,Cedar Fort Publishing and Media
2022-01-04 02:36:31,3AC82F66CF91B32B,Women of the Restoration: Ellis Shipp With Susan Evan McCloud,,True,,,True,https://cdn.simplecast.com/audio/14f8212a-0f65-4e66-89f3-e38f5d547ebe/episodes/9c8cd53a-434c-40da-bd49-0ef45a83a9c1/audio/bbf1148b-e8e1-40c4-92f1-e704910eb784/default_tc.mp3?aid=rss_feed&feed=gYmLzuwR,,12842,,29736298,,URL,Everyday Saints,,,2021-05-27 15:26:55,Podcast,,2418000,,,Susan Evans McCloud
2022-01-04 02:36:31,8E9FB9C864172448,Why You Can't Pray Away Mental Health Challenges,,True,,2021-06-29 20:23:21,,https://cdn.simplecast.com/audio/14f8212a-0f65-4e66-89f3-e38f5d547ebe/episodes/b940f89c-dce2-4df3-b4f3-8cf2c2ba4fcb/audio/d546c81e-e7c1-49d4-9045-485aff87ae7e/default_tc.mp3?aid=rss_feed&feed=gYmLzuwR,,12844,1,36502927,,URL,Everyday Saints,,,2021-06-07 15:14:57,Podcast,,2281000,3707821401,,Cedar Fort Publishing and Media
2022-01-04 02:36:31,26D82108F209344B,Discovering Your God Given Talents to Find More Joy in Life,,True,,,True,https://cdn.simplecast.com/audio/14f8212a-0f65-4e66-89f3-e38f5d547ebe/episodes/1432b724-da55-4de5-a65d-e3d454810a26/audio/e6002524-8969-40c2-823e-a1058d5535fa/default_tc.mp3?aid=rss_feed&feed=gYmLzuwR,,12846,,41937650,,URL,Everyday Saints,,,2021-07-12 06:00:00,Podcast,,2621000,,,"Valerie Loveless, Dustin Peterson"
2022-01-04 02:36:31,7CE63ED4D2ED4E30,A unique look into Kirtland and surrounding areas,,True,,,True,https://cdn.simplecast.com/audio/14f8212a-0f65-4e66-89f3-e38f5d547ebe/episodes/bae4e7f5-721c-455d-a198-9aa3aaef8b89/audio/950a11d3-8c02-4a61-8894-a0065aed7e7c/default_tc.mp3?aid=rss_feed&feed=gYmLzuwR,,12848,,43728605,,URL,Everyday Saints,unique look into Kirtland and surrounding areas,,2021-07-26 06:00:00,Podcast,,2733000,,,"Damon Bahr, Tommy Aardena"
2022-01-04 02:36:31,A5AE2C73DCC219AE,Alive in Christ with Tom Holton,,True,,,True,https://cdn.simplecast.com/audio/14f8212a-0f65-4e66-89f3-e38f5d547ebe/episodes/79d08696-6a87-4274-aed9-5b7640b7e70b/audio/7f90e096-cb7f-4fd3-a10c-c038e7dbcc03/default_tc.mp3?aid=rss_feed&feed=gYmLzuwR,,12850,,53436961,,URL,Everyday Saints,,,2021-08-31 17:13:55,Podcast,,3340000,,,"Valerie Loveless, Thomas Holton"
2022-01-04 02:36:31,1F06B543DD6D3861,Michael Young on the Tabernacle Choir as a Member,,True,,,True,https://cdn.simplecast.com/audio/14f8212a-0f65-4e66-89f3-e38f5d547ebe/episodes/8d65e9cb-d565-4149-bd5e-7e401ae2a0eb/audio/78f4b502-ed1a-4e46-a00e-2bb0691e2217/default_tc.mp3?aid=rss_feed&feed=gYmLzuwR,,12852,,36634154,,URL,Everyday Saints,,,2021-09-06 12:00:00,Podcast,,2290000,,,"Michael d. Young, Michael Young, Valerie Loveless, Bryce Mortimer"
2022-01-04 02:36:31,3B06770F2599144E,Stories of Women in the Bible: Divine attributes for us to emulate,,True,,2022-01-26 00:09:44,,https://cdn.simplecast.com/audio/14f8212a-0f65-4e66-89f3-e38f5d547ebe/episodes/8a8300ee-dff5-496c-b8e8-7187e7727282/audio/8e2203b1-fcd1-40bc-b76f-5e8498052df8/default_tc.mp3?aid=rss_feed&feed=gYmLzuwR,,12854,1,19747781,,URL,Everyday Saints,,,2021-09-13 13:00:00,Podcast,,1234000,3725975384,,"Aubri Robinson, Amber Corkin, Valerie Loveless"
2021-12-30 22:54:11,81ADA13C39A32165,"Allowing others to ""join us at our table"", with Shannon Symonds",MPEG audio file,True,128,2022-01-29 20:24:01,True,file://localhost/C:/Users/bruce/Music/iTunes/iTunes Media/Podcasts/Everyday Saints/Allowing others to _join us at our t 1.mp3,4,5060,,75229978,1,File,Everyday Saints,,2021-09-20 21:48:24,2021-09-20 19:05:52,Podcast,44100,4701178,3726307441,2021,Cedar Fort Publishing and Media
2022-05-21 03:06:45,05996FE0B25382CB,Tender Leaves of Hope: Finding Belonging for LGBTQ Latter-day Saints,,True,,2022-12-26 21:14:56,,https://cdn.simplecast.com/audio/14f8212a-0f65-4e66-89f3-e38f5d547ebe/episodes/2436d15d-5e6f-4978-ae92-b991947ce1f1/audio/7b9031ae-b70e-4616-ad04-ed1248d457b2/default_tc.mp3?aid=rss_feed&feed=gYmLzuwR,,16838,1,49875260,,URL,Everyday Saints,,,2022-04-16 06:00:00,Podcast,,3117000,3754908896,,Cedar Fort Publishing and Media
