date_added,persistent_id,name,kind,podcast,bitrate,play_date_utc,unplayed,track_number,location,file_folder_count,track_id,play_count,size,artwork_count,library_folder_count,track_type,album,sort_name,date_modified,release_date,genre,sample_rate,total_time,play_date,year,artist
2023-01-02 01:39:05,B51CEBBC954199F0,REAL TALK - Come Follow Me - Episode 1,,True,,,True,,https://www.buzzsprout.com/800873/2433902-real-talk-come-follow-me-episode-1.mp3,,38598,,10713047,,,URL,Talk of Him,,,2020-01-07 23:00:00,Podcast,,890000,,,"Ganel-Lyn Condie & Scott Sorensen, Covenant Communications"
2023-01-02 01:39:05,A740D1DFE9F8A90B,REAL TALK - Come Follow Me - Episode 2,,True,,,True,,https://www.buzzsprout.com/800873/2435120-real-talk-come-follow-me-episode-2.mp3,,38600,,10832499,,,URL,Talk of Him,,,2020-01-08 02:00:00,Podcast,,900000,,,"Ganel-Lyn Condie & Scott Sorensen, Covenant Communications"
2023-01-02 01:39:05,A40C02C398AB2C7C,REAL TALK - Come Follow Me - Episode 3,,True,,,True,,https://www.buzzsprout.com/800873/2466710-real-talk-come-follow-me-episode-3.mp3,,38602,,10825926,,,URL,Talk of Him,,,2020-01-12 23:00:00,Podcast,,900000,,,Covenant Communications
2023-01-02 01:39:05,00AF41A30D2944ED,REAL TALK - Come Follow Me - Episode 4,,True,,,True,,https://www.buzzsprout.com/800873/2537029-real-talk-come-follow-me-episode-4.mp3,,38604,,13058868,,,URL,Talk of Him,,,2020-01-20 21:00:00,Podcast,,1086000,,,Covenant Communications
2023-01-02 01:39:05,3CD7A68D96533C58,REAL TALK - Come Follow Me - Episode 5,,True,,,True,,https://www.buzzsprout.com/800873/2581831-real-talk-come-follow-me-episode-5.mp3,,38606,,12143387,,,URL,Talk of Him,,,2020-01-26 22:00:00,Podcast,,1009000,,,Covenant Communications
2023-01-02 01:39:05,0CC7261441836B47,REAL TALK - Come Follow Me - Episode 6,,True,,,True,,https://www.buzzsprout.com/800873/2635480-real-talk-come-follow-me-episode-6.mp3,,38608,,14020404,,,URL,Talk of Him,,,2020-02-02 21:00:00,Podcast,,1166000,,,Covenant Communications
2023-01-02 01:39:05,CF30937BFA438BEA,REAL TALK - Come Follow Me (Real Talk & Friends) - Special Guest: Tim Ballard,,True,,,True,,https://www.buzzsprout.com/800873/2658298-real-talk-come-follow-me-real-talk-friends-special-guest-tim-ballard.mp3,,38610,,46335776,,,URL,Talk of Him,,,2020-02-04 18:00:00,Podcast,,3859000,,,Covenant Communications
2023-01-02 01:39:05,99637EEF768E305F,REAL TALK - Come Follow Me - Episode 7,,True,,,True,,https://www.buzzsprout.com/800873/2698051-real-talk-come-follow-me-episode-7.mp3,,38612,,12522386,,,URL,Talk of Him,,,2020-02-09 21:00:00,Podcast,,1041000,,,Covenant Communications
2023-01-02 01:39:05,6A69E518A0ED3D3F,REAL TALK - Come Follow Me - Episode 8,,True,,,True,,https://www.buzzsprout.com/800873/2759833-real-talk-come-follow-me-episode-8.mp3,,38614,,14101471,,,URL,Talk of Him,,,2020-02-16 23:00:00,Podcast,,1173000,,,Covenant Communications
2023-01-02 01:39:05,50DCBC4E6269C78A,REAL TALK - Come Follow Me - Episode 9,,True,,,True,,https://www.buzzsprout.com/800873/2823109-real-talk-come-follow-me-episode-9.mp3,,38616,,14804513,,,URL,Talk of Him,,,2020-02-24 04:00:00,Podcast,,1231000,,,Covenant Communications
2023-01-02 01:39:05,57D72F72FFB9905A,REAL TALK - Come Follow Me - Episode 10,,True,,,True,,https://www.buzzsprout.com/800873/2872249-real-talk-come-follow-me-episode-10.mp3,,38618,,15665845,,,URL,Talk of Him,,,2020-03-01 21:00:00,Podcast,,1303000,,,Covenant Communications
2023-01-02 01:39:05,6F45F3C5CA2FD17E,REAL TALK - Come Follow Me - Episode 11,,True,,,True,,https://www.buzzsprout.com/800873/2951005-real-talk-come-follow-me-episode-11.mp3,,38620,,16384493,,,URL,Talk of Him,,,2020-03-08 21:00:00,Podcast,,1363000,,,Covenant Communications
2023-01-02 01:39:05,1B778534C4D57E22,Real Talk & Friends - Hank Smith,,True,,,True,,https://www.buzzsprout.com/800873/2976151-real-talk-friends-hank-smith.mp3,,38622,,40443270,,,URL,Talk of Him,,,2020-03-10 22:00:00,Podcast,,3368000,,,Covenant Communications
2023-01-02 01:39:05,D958A1BDB63021F8,REAL TALK - Come Follow Me - Episode 12,,True,,,True,,https://www.buzzsprout.com/800873/2951041-real-talk-come-follow-me-episode-12.mp3,,38624,,15844881,,,URL,Talk of Him,,,2020-03-15 16:00:00,Podcast,,1318000,,,Covenant Communications
2023-01-02 01:39:05,765144D2A64852B1,REAL TALK - Come Follow Me - Episode 13,,True,,,True,,https://www.buzzsprout.com/800873/3080608-real-talk-come-follow-me-episode-13.mp3,,38626,,15360983,,,URL,Talk of Him,,,2020-03-22 16:00:00,Podcast,,1278000,,,Covenant Communications
2023-01-02 01:39:05,4FD0DA25418EF8B9,REAL TALK - Come Follow Me - Episode 14,,True,,,True,,https://www.buzzsprout.com/800873/3148879-real-talk-come-follow-me-episode-14.mp3,,38628,,16816120,,,URL,Talk of Him,,,2020-03-29 16:00:00,Podcast,,1399000,,,Covenant Communications
2023-01-02 01:39:05,FC8F03039FB9FD8F,Real Talk & Friends - Susan Easton Black,,True,,,True,,https://www.buzzsprout.com/800873/3177496-real-talk-friends-susan-easton-black.mp3,,38630,,23897745,,,URL,Talk of Him,,,2020-03-30 19:00:00,Podcast,,1989000,,,Covenant Communications
2023-01-02 01:39:05,621871EE8602FF0A,REAL TALK - Come Follow Me - Episode 15,,True,,,True,,https://www.buzzsprout.com/800873/3326395-real-talk-come-follow-me-episode-15.mp3,,38632,,15189772,,,URL,Talk of Him,,,2020-04-12 16:00:00,Podcast,,1263000,,,Covenant Communications
2023-01-02 01:39:05,86A6A4517F825829,REAL TALK - Come Follow Me - Episode 16,,True,,,True,,https://www.buzzsprout.com/800873/3417808-real-talk-come-follow-me-episode-16.mp3,,38634,,13884608,,,URL,Talk of Him,,,2020-04-19 16:00:00,Podcast,,1155000,,,Covenant Communications
2023-01-02 01:39:05,1168AE406D53A406,REAL TALK - Come Follow Me - Episode 17,,True,,,True,,https://www.buzzsprout.com/800873/3506692-real-talk-come-follow-me-episode-17.mp3,,38636,,18278456,,,URL,Talk of Him,,,2020-04-26 16:00:00,Podcast,,1521000,,,Covenant Communications
2023-01-02 01:39:05,5BDAF460BB3A1736,REAL TALK - Come Follow Me - Episode 18,,True,,,True,,https://www.buzzsprout.com/800873/3582340-real-talk-come-follow-me-episode-18.mp3,,38638,,17115974,,,URL,Talk of Him,,,2020-05-03 16:00:00,Podcast,,1424000,,,Covenant Communications
2023-01-02 01:39:05,7A93FFEAF22BECB3,REAL TALK - Come Follow Me - Episode 19,,True,,,True,,https://www.buzzsprout.com/800873/3695521-real-talk-come-follow-me-episode-19.mp3,,38640,,18126025,,,URL,Talk of Him,,,2020-05-10 16:00:00,Podcast,,1508000,,,Covenant Communications
2023-01-02 01:39:05,6B448520074C25AD,REAL TALK - Come Follow Me - Episode 20,,True,,,True,,https://www.buzzsprout.com/800873/3794027-real-talk-come-follow-me-episode-20.mp3,,38642,,16412976,,,URL,Talk of Him,,,2020-05-17 16:00:00,Podcast,,1365000,,,Covenant Communications
2023-01-02 01:39:05,7BD0B7723D43D2C2,REAL TALK - Come Follow Me - Episode 21,,True,,,True,,https://www.buzzsprout.com/800873/3895844-real-talk-come-follow-me-episode-21.mp3,,38644,,19705782,,,URL,Talk of Him,,,2020-05-24 17:00:00,Podcast,,1640000,,,Covenant Communications
2023-01-02 01:39:05,ADF204A2E85E7BC8,REAL TALK - Come Follow Me - Episode 22,,True,,,True,,https://www.buzzsprout.com/800873/3985751-real-talk-come-follow-me-episode-22.mp3,,38646,,13991921,,,URL,Talk of Him,,,2020-05-31 16:00:00,Podcast,,1164000,,,Covenant Communications
2023-01-02 01:39:05,F308EB006D5367CB,REAL TALK - Come Follow Me - Episode 23,,True,,,True,,https://www.buzzsprout.com/800873/4073852-real-talk-come-follow-me-episode-23.mp3,,38648,,14675246,,,URL,Talk of Him,,,2020-06-07 16:00:00,Podcast,,1220000,,,Covenant Communications
2023-01-02 01:39:05,ECA424D4E7CB5B52,REAL TALK - Come Follow Me - Episode 24,,True,,,True,,https://www.buzzsprout.com/800873/4168019-real-talk-come-follow-me-episode-24.mp3,,38650,,15106201,,,URL,Talk of Him,,,2020-06-14 17:00:00,Podcast,,1256000,,,Covenant Communications
2023-01-02 01:39:05,6F66941BA016E6D5,REAL TALK - Come Follow Me - Episode 25,,True,,,True,,https://www.buzzsprout.com/800873/4258862-real-talk-come-follow-me-episode-25.mp3,,38652,,15428278,,,URL,Talk of Him,,,2020-06-21 16:00:00,Podcast,,1283000,,,Covenant Communications
2023-01-02 01:39:05,3BC1CDF49E274283,REAL TALK - Come Follow Me - Episode 26,,True,,,True,,https://www.buzzsprout.com/800873/4349201-real-talk-come-follow-me-episode-26.mp3,,38654,,15832987,,,URL,Talk of Him,,,2020-06-28 16:00:00,Podcast,,1317000,,,Covenant Communications
2023-01-02 01:39:05,B251BDBC49E5D38E,REAL TALK - Come Follow Me - Episode 27,,True,,,True,,https://www.buzzsprout.com/800873/4453829-real-talk-come-follow-me-episode-27.mp3,,38656,,15493695,,,URL,Talk of Him,,,2020-07-06 04:00:00,Podcast,,1289000,,,Covenant Communications
2023-01-02 01:39:05,D8A7DD272346145C,REAL TALK - Come Follow Me - Episode 28,,True,,,True,,https://www.buzzsprout.com/800873/4520012-real-talk-come-follow-me-episode-28.mp3,,38658,,16042697,,,URL,Talk of Him,,,2020-07-12 16:00:00,Podcast,,1334000,,,Covenant Communications
2023-01-02 01:39:05,BBE556BEE86212F3,REAL TALK - Come Follow Me - Episode 29,,True,,,True,,https://www.buzzsprout.com/800873/4520063-real-talk-come-follow-me-episode-29.mp3,,38660,,16021413,,,URL,Talk of Him,,,2020-07-19 16:00:00,Podcast,,1333000,,,Covenant Communications
2023-01-02 01:39:05,90457650935DAD54,REAL TALK - Come Follow Me - Episode 30,,True,,,True,,https://www.buzzsprout.com/800873/4710746-real-talk-come-follow-me-episode-30.mp3,,38662,,16706883,,,URL,Talk of Him,,,2020-07-26 16:00:00,Podcast,,1390000,,,Covenant Communications
2023-01-02 01:39:05,68BD7257791C3910,REAL TALK - Come Follow Me - Episode 31,,True,,,True,,https://www.buzzsprout.com/800873/4815407-real-talk-come-follow-me-episode-31.mp3,,38664,,15120286,,,URL,Talk of Him,,,2020-08-02 16:00:00,Podcast,,1258000,,,Covenant Communications
2023-01-02 01:39:05,E5F809FB026AED4D,REAL TALK - Come Follow Me - Episode 32,,True,,,True,,https://www.buzzsprout.com/800873/4914311-real-talk-come-follow-me-episode-32.mp3,,38666,,13889570,,,URL,Talk of Him,,,2020-08-09 16:00:00,Podcast,,1155000,,,Covenant Communications
2023-01-02 01:39:05,75C5865DEFD758EF,REAL TALK - Come Follow Me - Episode 33,,True,,,True,,https://www.buzzsprout.com/800873/5004815-real-talk-come-follow-me-episode-33.mp3,,38668,,15991991,,,URL,Talk of Him,,,2020-08-16 16:00:00,Podcast,,1330000,,,Covenant Communications
2023-01-02 01:39:05,1FEC6BA232342F5E,REAL TALK - Come Follow Me - Episode 34,,True,,,True,,https://www.buzzsprout.com/800873/5107312-real-talk-come-follow-me-episode-34.mp3,,38670,,16717525,,,URL,Talk of Him,,,2020-08-23 16:00:00,Podcast,,1391000,,,Covenant Communications
2023-01-02 01:39:05,8C046B5D5DC72B21,REAL TALK - Come Follow Me - Episode 35,,True,,,True,,https://www.buzzsprout.com/800873/5207404-real-talk-come-follow-me-episode-35.mp3,,38672,,15817963,,,URL,Talk of Him,,,2020-08-30 16:00:00,Podcast,,1316000,,,Covenant Communications
2023-01-02 01:39:05,8C21706239750AB5,REAL TALK - Come Follow Me - Episode 36,,True,,,True,,https://www.buzzsprout.com/800873/5313634-real-talk-come-follow-me-episode-36.mp3,,38674,,15510910,,,URL,Talk of Him,,,2020-09-06 16:00:00,Podcast,,1290000,,,Covenant Communications
2023-01-02 01:39:05,DDADE0D598ECA6DD,Real Talk & Friends - Brad Wilcox,,True,,,True,,https://www.buzzsprout.com/800873/5388388-real-talk-friends-brad-wilcox.mp3,,38676,,40712731,,,URL,Talk of Him,,,2020-09-13 00:00:00,Podcast,,3390000,,,Covenant Communications
2023-01-02 01:39:05,0F26C9C6263DE46A,REAL TALK - Come Follow Me - Episode 37,,True,,,True,,https://www.buzzsprout.com/800873/5401804-real-talk-come-follow-me-episode-37.mp3,,38678,,15703405,,,URL,Talk of Him,,,2020-09-13 16:00:00,Podcast,,1306000,,,Covenant Communications
2023-01-02 01:39:05,49784EA7A7562EEC,REAL TALK - Come Follow Me - Episode 38,,True,,,True,,https://www.buzzsprout.com/800873/5521204-real-talk-come-follow-me-episode-38.mp3,,38680,,16182921,,,URL,Talk of Him,,,2020-09-20 18:00:00,Podcast,,1346000,,,Covenant Communications
2023-01-02 01:39:05,005016E267FA2C80,REAL TALK - Come Follow Me - Episode 39,,True,,,True,,https://www.buzzsprout.com/800873/5625523-real-talk-come-follow-me-episode-39.mp3,,38682,,15981349,,,URL,Talk of Him,,,2020-09-27 18:00:00,Podcast,,1329000,,,Covenant Communications
2023-01-02 01:39:05,6DAB89A8CD3DD400,REAL TALK - Come Follow Me - Episode 40,,True,,,True,,https://www.buzzsprout.com/800873/5839816-real-talk-come-follow-me-episode-40.mp3,,38684,,16851802,,,URL,Talk of Him,,,2020-10-11 16:00:00,Podcast,,1402000,,,Covenant Communications
2023-01-02 01:39:05,3FF614FAE0B84CB9,REAL TALK - Come Follow Me - Episode 41,,True,,,True,,https://www.buzzsprout.com/800873/5943250-real-talk-come-follow-me-episode-41.mp3,,38686,,17521622,,,URL,Talk of Him,,,2020-10-18 16:00:00,Podcast,,1458000,,,Covenant Communications
2023-01-02 01:39:05,6470C3514FF5A467,Real Talk & Friends - T.C. Christensen,,True,,,True,,https://www.buzzsprout.com/800873/6035590-real-talk-friends-t-c-christensen.mp3,,38688,,37034355,,,URL,Talk of Him,,,2020-10-23 22:00:00,Podcast,,3084000,,,Covenant Communications
2023-01-02 01:39:05,33B1EB616C87B82F,REAL TALK - Come Follow Me - Episode 42,,True,,,True,,https://www.buzzsprout.com/800873/6047680-real-talk-come-follow-me-episode-42.mp3,,38690,,17085926,,,URL,Talk of Him,,,2020-10-25 16:00:00,Podcast,,1421000,,,Covenant Communications
2023-01-02 01:39:05,E20A28AF59B7DB9F,REAL TALK - Come Follow Me - Episode 43,,True,,,True,,https://www.buzzsprout.com/800873/6174415-real-talk-come-follow-me-episode-43.mp3,,38692,,16183547,,,URL,Talk of Him,,,2020-11-01 22:00:00,Podcast,,1346000,,,Covenant Communications
2023-01-02 01:39:05,E1E74EFA017AABF8,REAL TALK - Come Follow Me - Episode 44,,True,,,True,,https://www.buzzsprout.com/800873/6269452-real-talk-come-follow-me-episode-44.mp3,,38694,,15590725,,,URL,Talk of Him,,,2020-11-08 17:00:00,Podcast,,1297000,,,Covenant Communications
2023-01-02 01:39:05,EC53C7BCF41872F4,REAL TALK - Come Follow Me - Episode 45,,True,,,True,,https://www.buzzsprout.com/800873/6377323-real-talk-come-follow-me-episode-45.mp3,,38696,,16311564,,,URL,Talk of Him,,,2020-11-15 17:00:00,Podcast,,1357000,,,Covenant Communications
2023-01-02 01:39:05,ACA6DDA9F4E7ADA3,REAL TALK - Come Follow Me - Episode 46,,True,,,True,,https://www.buzzsprout.com/800873/6492235-real-talk-come-follow-me-episode-46.mp3,,38698,,16627381,,,URL,Talk of Him,,,2020-11-22 05:00:00,Podcast,,1383000,,,Covenant Communications
2023-01-02 01:39:05,10BF38EDC7CC22C2,REAL TALK - Come Follow Me - Episode 47,,True,,,True,,https://www.buzzsprout.com/800873/6594250-real-talk-come-follow-me-episode-47.mp3,,38700,,16656803,,,URL,Talk of Him,,,2020-11-29 05:00:00,Podcast,,1386000,,,Covenant Communications
2023-01-02 01:39:05,0F7740F173CAC12A,REAL TALK - Come Follow Me - Episode 48,,True,,,True,,https://www.buzzsprout.com/800873/6712903-real-talk-come-follow-me-episode-48.mp3,,38702,,16378356,,,URL,Talk of Him,,,2020-12-06 07:00:00,Podcast,,1362000,,,Covenant Communications
2023-01-02 01:39:05,DE1AF43E1A6C0E02,REAL TALK - Come Follow Me - Episode 49,,True,,,True,,https://www.buzzsprout.com/800873/6819988-real-talk-come-follow-me-episode-49.mp3,,38704,,17352306,,,URL,Talk of Him,,,2020-12-13 06:00:00,Podcast,,1444000,,,Covenant Communications
2023-01-02 01:39:05,AE397D705690A78C,REAL TALK - Come Follow Me - Episode 50,,True,,,True,,https://www.buzzsprout.com/800873/6930473-real-talk-come-follow-me-episode-50.mp3,,38706,,30323042,,,URL,Talk of Him,,,2020-12-20 08:00:00,Podcast,,2524000,,,Covenant Communications
2023-01-02 01:39:05,8EF8736B1C260C30,REAL TALK - Come Follow Me - Episode 1,,True,,,True,,https://www.buzzsprout.com/800873/7017682-real-talk-come-follow-me-episode-1.mp3,,38708,,15877432,,,URL,Talk of Him,,,2020-12-27 07:00:00,Podcast,,1321000,,,Covenant Communications
2023-01-02 01:39:05,1F2B5E91F2307B6E,REAL TALK - Come Follow Me - Episode 2,,True,,,True,,https://www.buzzsprout.com/800873/7107217-real-talk-come-follow-me-episode-2.mp3,,38710,,15146422,,,URL,Talk of Him,,,2021-01-03 07:00:00,Podcast,,1260000,,,Covenant Communications
2023-01-02 01:39:05,57365058F89C3007,Real Talk & Friends - Anthony Sweat,,True,,,True,,https://www.buzzsprout.com/800873/7184629-real-talk-friends-anthony-sweat.mp3,,38712,,42472730,,,URL,Talk of Him,,,2021-01-07 23:00:00,Podcast,,3537000,,,Covenant Communications
2023-01-02 01:39:05,978AA38537E432F4,REAL TALK - Come Follow Me - Episode 3,,True,,,True,,https://www.buzzsprout.com/800873/7214923-real-talk-come-follow-me-episode-3.mp3,,38714,,15714673,,,URL,Talk of Him,,,2021-01-10 05:00:00,Podcast,,1307000,,,Covenant Communications
2023-01-02 01:39:05,CE2E242F984919A9,REAL TALK - Come Follow Me - Episode 4,,True,,,True,,https://www.buzzsprout.com/800873/7333795-real-talk-come-follow-me-episode-4.mp3,,38716,,15930956,,,URL,Talk of Him,,,2021-01-17 16:00:00,Podcast,,1325000,,,Covenant Communications
2023-01-02 01:39:05,CD589F05B78E5636,REAL TALK - Come Follow Me - Episode 5,,True,,,True,,https://www.buzzsprout.com/800873/7451851-real-talk-come-follow-me-episode-5.mp3,,38718,,17996443,,,URL,Talk of Him,,,2021-01-24 07:00:00,Podcast,,1497000,,,Covenant Communications
2023-01-02 01:39:05,FD6769F465F03830,REAL TALK - Come Follow Me - Episode 6,,True,,,True,,https://www.buzzsprout.com/800873/7582312-real-talk-come-follow-me-episode-6.mp3,,38720,,18562347,,,URL,Talk of Him,,,2021-01-31 07:00:00,Podcast,,1544000,,,Covenant Communications
2023-01-02 01:39:05,79F7FEE706193193,REAL TALK - Come Follow Me - Episode 7,,True,,,True,,https://www.buzzsprout.com/800873/7719787-real-talk-come-follow-me-episode-7.mp3,,38722,,18777632,,,URL,Talk of Him,,,2021-02-07 08:00:00,Podcast,,1562000,,,
2023-01-02 01:39:05,358B0A58F32C2339,REAL TALK - Come Follow Me - Episode 8,,True,,,True,,https://www.buzzsprout.com/800873/7809874-real-talk-come-follow-me-episode-8.mp3,,38724,,16347916,,,URL,Talk of Him,,,2021-02-14 08:00:00,Podcast,,1360000,,,Covenant Communications
2023-01-02 01:39:05,0D3DE9C1A5E8A911,REAL TALK - Come Follow Me - Episode 9,,True,,,True,,https://www.buzzsprout.com/800873/7968502-real-talk-come-follow-me-episode-9.mp3,,38726,,16986749,,,URL,Talk of Him,,,2021-02-21 08:00:00,Podcast,,1413000,,,Covenant Communications
2023-01-02 01:39:05,B012CC38E0263C13,REAL TALK - Come Follow Me - Episode 10,,True,,,True,,https://www.buzzsprout.com/800873/8038718-real-talk-come-follow-me-episode-10.mp3,,38728,,18249080,,,URL,Talk of Him,,,2021-02-28 08:00:00,Podcast,,1518000,,,Covenant Communications
2023-01-02 01:39:05,F5EC947BDEA55FB5,REAL TALK - Come Follow Me - Episode 11,,True,,,True,,https://www.buzzsprout.com/800873/8084424-real-talk-come-follow-me-episode-11.mp3,,38730,,15134730,,,URL,Talk of Him,,,2021-03-07 08:00:00,Podcast,,1259000,,,Covenant Communications
2023-01-02 01:39:05,36A6B1782ABD646D,Real Talk & Friends - John Hilton III (Easter Special),,True,,,True,,https://www.buzzsprout.com/800873/8131036-real-talk-friends-john-hilton-iii-easter-special.mp3,,38732,,34708841,,,URL,Talk of Him,,,2021-03-13 01:00:00,Podcast,,2890000,,,Covenant Communications
2023-01-02 01:39:05,B555548C55C40630,REAL TALK - Come Follow Me - Episode 12,,True,,,True,,https://www.buzzsprout.com/800873/8135740-real-talk-come-follow-me-episode-12.mp3,,38734,,18746124,,,URL,Talk of Him,,,2021-03-14 08:00:00,Podcast,,1560000,,,Covenant Communications
2023-01-02 01:39:05,14A94205CACD5530,REAL TALK - Come Follow Me - Episode 13,,True,,,True,,https://www.buzzsprout.com/800873/8179662-real-talk-come-follow-me-episode-13.mp3,,38736,,16607336,,,URL,Talk of Him,,,2021-03-21 06:00:00,Podcast,,1381000,,,
2023-01-02 01:39:05,808DFE609D72D903,REAL TALK - Come Follow Me - Episode 14,,True,,,True,,https://www.buzzsprout.com/800873/8223921-real-talk-come-follow-me-episode-14.mp3,,38738,,15220179,,,URL,Talk of Him,,,2021-03-28 06:00:00,Podcast,,1266000,,,Covenant Communications
2023-01-02 01:39:05,CD16D9D07EE687F8,REAL TALK - Come Follow Me - Episode 15,,True,,,True,,https://www.buzzsprout.com/800873/8267912-real-talk-come-follow-me-episode-15.mp3,,38740,,17036831,,,URL,Talk of Him,,,2021-04-04 06:00:00,Podcast,,1417000,,,Covenant Communications
2023-01-02 01:39:05,3B20E0AA0F91E7F7,REAL TALK - Come Follow Me - Episode 16,,True,,,True,,https://www.buzzsprout.com/800873/8310879-real-talk-come-follow-me-episode-16.mp3,,38742,,15371671,,,URL,Talk of Him,,,2021-04-11 06:00:00,Podcast,,1278000,,,Covenant Communications
2023-01-02 01:39:05,517F8C4C2B816D8C,Real Talk & Friends - Christie Gardiner and Michelle McCollough,,True,,,True,,https://www.buzzsprout.com/800873/8344053-real-talk-friends-christie-gardiner-and-michelle-mccollough.mp3,,38744,,27503286,,,URL,Talk of Him,,,2021-04-16 20:00:00,Podcast,,2289000,,,Covenant Communications
2023-01-02 01:39:05,68E5F031C3FDC993,REAL TALK - Come Follow Me - Episode 17,,True,,,True,,https://www.buzzsprout.com/800873/8353955-real-talk-come-follow-me-episode-17.mp3,,38746,,15664639,,,URL,Talk of Him,,,2021-04-18 07:00:00,Podcast,,1303000,,,Covenant Communications
2023-01-02 01:39:05,C5AFA1D9718FF216,REAL TALK - Come Follow Me - Episode 18,,True,,,True,,https://www.buzzsprout.com/800873/8398144-real-talk-come-follow-me-episode-18.mp3,,38748,,17666528,,,URL,Talk of Him,,,2021-04-25 06:00:00,Podcast,,1470000,,,
2023-01-02 01:39:05,AC784D23BCFF018B,REAL TALK - Come Follow Me - Episode 19,,True,,,True,,https://www.buzzsprout.com/800873/8442419-real-talk-come-follow-me-episode-19.mp3,,38750,,17378627,,,URL,Talk of Him,,,2021-05-02 08:00:00,Podcast,,1446000,,,Covenant Communications
2023-01-02 01:39:05,77CCE95370B897D0,REAL TALK - Come Follow Me - Episode 20,,True,,,True,,https://www.buzzsprout.com/800873/8484571-real-talk-come-follow-me-episode-20.mp3,,38752,,17313151,,,URL,Talk of Him,,,2021-05-09 07:00:00,Podcast,,1440000,,,
2023-01-02 01:39:05,C2CFD5F88432641B,Real Talk & Friends - Mauli J Bonner,,True,,,True,,https://www.buzzsprout.com/800873/8526672-real-talk-friends-mauli-j-bonner.mp3,,38754,,33882426,,,URL,Talk of Him,,,2021-05-16 03:00:00,Podcast,,2821000,,,
2023-01-02 01:39:05,7432E8457061C74D,REAL TALK - Come Follow Me - Episode 21,,True,,,True,,https://www.buzzsprout.com/800873/8526660-real-talk-come-follow-me-episode-21.mp3,,38756,,17852822,,,URL,Talk of Him,,,2021-05-16 07:00:00,Podcast,,1485000,,,Covenant Communications
2023-01-02 01:39:05,31EC9C4E20465789,REAL TALK - Come Follow Me - Episode 22,,True,,,True,,https://www.buzzsprout.com/800873/8570105-real-talk-come-follow-me-episode-22.mp3,,38758,,17494378,,,URL,Talk of Him,,,2021-05-23 07:00:00,Podcast,,1455000,,,
2023-01-02 01:39:05,8AAB71590D6F051B,REAL TALK - Come Follow Me - Episode 23,,True,,,True,,https://www.buzzsprout.com/800873/8611784-real-talk-come-follow-me-episode-23.mp3,,38760,,18060595,,,URL,Talk of Him,,,2021-05-30 06:00:00,Podcast,,1503000,,,
2023-01-02 01:39:05,ED3D333439666617,REAL TALK - Come Follow Me - Episode 24,,True,,,True,,https://www.buzzsprout.com/800873/8651419-real-talk-come-follow-me-episode-24.mp3,,38762,,16862803,,,URL,Talk of Him,,,2021-06-06 07:00:00,Podcast,,1403000,,,Covenant Communications
2023-01-02 01:39:05,6F2F07041A07CF69,Real Talk & Friends - Sister Michelle Craig,,True,,,True,,https://www.buzzsprout.com/800873/8673283-real-talk-friends-sister-michelle-craig.mp3,,38764,,32657984,,,URL,Talk of Him,,,2021-06-11 21:00:00,Podcast,,2719000,,,
2023-01-02 01:39:05,4B82F4DCC59F5DFF,REAL TALK - Come Follow Me - Episode 25,,True,,,True,,https://www.buzzsprout.com/800873/8687192-real-talk-come-follow-me-episode-25.mp3,,38766,,16835200,,,URL,Talk of Him,,,2021-06-13 07:00:00,Podcast,,1400000,,,
2023-01-02 01:39:05,CD68C55AA9212970,REAL TALK - Come Follow Me - Episode 26,,True,,,True,,https://www.buzzsprout.com/800873/8731299-real-talk-come-follow-me-episode-26.mp3,,38768,,16795136,,,URL,Talk of Him,,,2021-06-20 06:00:00,Podcast,,1397000,,,
2023-01-02 01:39:05,646E81E3E4695768,REAL TALK - Come Follow Me - Episode 27,,True,,,True,,https://www.buzzsprout.com/800873/8764717-real-talk-come-follow-me-episode-27.mp3,,38770,,16149500,,,URL,Talk of Him,,,2021-06-27 07:00:00,Podcast,,1343000,,,Ganel-Lyn Condie and Scott Sorensen
2023-01-02 01:39:05,A5DF351E2D46CE2A,Doctrine and Covenants 76 | July 5-11 - Episode 28,,True,,,True,,https://www.buzzsprout.com/800873/8803243-doctrine-and-covenants-76-july-5-11-episode-28.mp3,,38772,,12205595,,,URL,Talk of Him,,,2021-07-04 07:00:00,Podcast,,1522000,,,Ganel-Lyn Condie and Scott Sorensen
2023-01-02 01:39:05,6B4EDE7DB2A405CD,Doctrine and Covenants 77-80 | July 12-18 - Episode 29,,True,,,True,,https://www.buzzsprout.com/800873/8843228-doctrine-and-covenants-77-80-july-12-18-episode-29.mp3,,38774,,15647082,,,URL,Talk of Him,,,2021-07-11 07:00:00,Podcast,,1301000,,,
2023-01-02 01:39:05,04E1AB48BC24BB8D,Doctrine and Covenants 81-83 | July 19-25 - Episode 30,,True,,,True,,https://www.buzzsprout.com/800873/8878684-doctrine-and-covenants-81-83-july-19-25-episode-30.mp3,,38776,,18116109,,,URL,Talk of Him,,,2021-07-18 07:00:00,Podcast,,1507000,,,Ganel-Lyn Condie and Scott Sorensen
2023-01-02 01:39:05,7A1D64C45C773FB3,Real Talk & Friends - Reid Moon,,True,,,True,,https://www.buzzsprout.com/800873/8912013-real-talk-friends-reid-moon.mp3,,38778,,39927781,,,URL,Talk of Him,,,2021-07-23 16:00:00,Podcast,,3325000,,,Ganel-Lyn Condie and Scott Sorensen
2023-01-02 01:39:05,1DAC71F263098E76,Doctrine and Covenants 84 | July 26-August 1 - Episode 31,,True,,,True,,https://www.buzzsprout.com/800873/8912062-doctrine-and-covenants-84-july-26-august-1-episode-31.mp3,,38780,,15738797,,,URL,Talk of Him,,,2021-07-25 07:00:00,Podcast,,1309000,,,
2023-01-02 01:39:05,ED85B53D4482EC33,Doctrine and Covenants 85-87 | August 2-8 - Episode 32,,True,,,True,,https://www.buzzsprout.com/800873/8954854-doctrine-and-covenants-85-87-august-2-8-episode-32.mp3,,38782,,17939494,,,URL,Talk of Him,,,2021-08-01 07:00:00,Podcast,,1492000,,,
2023-01-02 01:39:05,E51C7D4DEC08172F,Doctrine and Covenants 88 | August 9-15 - Episode 33,,True,,,True,,https://www.buzzsprout.com/800873/8993368-doctrine-and-covenants-88-august-9-15-episode-33.mp3,,38784,,17339469,,,URL,Talk of Him,,,2021-08-08 14:00:00,Podcast,,1442000,,,
2023-01-02 01:39:05,B29B1B7447B11B6E,Doctrine and Covenants 89-92 | August 16-22 - Episode 34,,True,,,True,,https://www.buzzsprout.com/800873/9029046-doctrine-and-covenants-89-92-august-16-22-episode-34.mp3,,38786,,17152073,,,URL,Talk of Him,,,2021-08-15 07:00:00,Podcast,,1427000,,,Ganel-Lyn Condie and Scott Sorensen
2023-01-02 01:39:05,17094227544855AB,Real Talk & Friends - International Area Organization Advisers,,True,,,True,,https://www.buzzsprout.com/800873/9058750-real-talk-friends-international-area-organization-advisers.mp3,,38788,,50606694,,,URL,Talk of Him,,,2021-08-20 21:00:00,Podcast,,4215000,,,
2023-01-02 01:39:05,6CDD48B1FFD38980,Doctrine and Covenants 93 | August 23-29 - Episode 35,,True,,,True,,https://www.buzzsprout.com/800873/9066153-doctrine-and-covenants-93-august-23-29-episode-35.mp3,,38790,,18284418,,,URL,Talk of Him,,,2021-08-22 07:00:00,Podcast,,1521000,,,
2023-01-02 01:39:05,157A9128CFBCF5B5,Doctrine and Covenants 94-97 | August 30-September 5 - Episode 36,,True,,,True,,https://www.buzzsprout.com/800873/9103207-doctrine-and-covenants-94-97-august-30-september-5-episode-36.mp3,,38792,,17978641,,,URL,Talk of Him,,,2021-08-29 08:00:00,Podcast,,1496000,,,
2023-01-02 01:39:05,8F5A29D2F8B9DDDA,Doctrine and Covenants 98-101 | September 6-12 - Episode 37,,True,,,True,,https://www.buzzsprout.com/800873/9141247-doctrine-and-covenants-98-101-september-6-12-episode-37.mp3,,38794,,19317956,,,URL,Talk of Him,,,2021-09-05 07:00:00,Podcast,,1607000,,,
2023-01-02 01:39:05,160ACABFD9055314,Doctrine and Covenants 102-105 | September 13-19 - Episode 38,,True,,,True,,https://www.buzzsprout.com/800873/9179372-doctrine-and-covenants-102-105-september-13-19-episode-38.mp3,,38796,,18314169,,,URL,Talk of Him,,,2021-09-12 08:00:00,Podcast,,1524000,,,
2023-01-02 01:39:05,E23C4230FFF58CFB,Real Talk & Friends - Steven C. Harper,,True,,,True,,https://www.buzzsprout.com/800873/9219639-real-talk-friends-steven-c-harper.mp3,,38798,,36635578,,,URL,Talk of Him,,,2021-09-19 04:00:00,Podcast,,3050000,,,
2023-01-02 01:39:05,D20B206451BF8A12,Doctrine and Covenants 106-108 | September 20-26 - Episode 39,,True,,,True,,https://www.buzzsprout.com/800873/9219648-doctrine-and-covenants-106-108-september-20-26-episode-39.mp3,,38800,,15742561,,,URL,Talk of Him,,,2021-09-19 07:00:00,Podcast,,1309000,,,
2023-01-02 01:39:05,EE597556FAECFE42,Doctrine and Covenants 109-110 | September 27-October 3 - Episode 40,,True,,,True,,https://www.buzzsprout.com/800873/9259919-doctrine-and-covenants-109-110-september-27-october-3-episode-40.mp3,,38802,,19062879,,,URL,Talk of Him,,,2021-09-26 07:00:00,Podcast,,1586000,,,
2023-01-02 01:39:05,237027C93DA227B1,Doctrine and Covenants 111-114 | October 4-10 - Episode 41,,True,,,True,,https://www.buzzsprout.com/800873/9299755-doctrine-and-covenants-111-114-october-4-10-episode-41.mp3,,38804,,16035606,,,URL,Talk of Him,,,2021-10-03 07:00:00,Podcast,,1334000,,,Ganel-Lyn Condie and Scott Sorensen
2023-01-02 01:39:05,88C5607DE5AB0A01,Doctrine and Covenants 115-120 | October 11-17 - Episode 42,,True,,,True,,https://www.buzzsprout.com/800873/9340315-doctrine-and-covenants-115-120-october-11-17-episode-42.mp3,,38806,,17273440,,,URL,Talk of Him,,,2021-10-10 07:00:00,Podcast,,1437000,,,
2023-01-02 01:39:05,BB708D82F2291960,Doctrine and Covenants 121-123 | October 18-24 - Episode 43,,True,,,True,,https://www.buzzsprout.com/800873/9380031-doctrine-and-covenants-121-123-october-18-24-episode-43.mp3,,38808,,18251252,,,URL,Talk of Him,,,2021-10-17 07:00:00,Podcast,,1518000,,,
2023-01-02 01:39:05,9AEA4A419B077DEE,Doctrine and Covenants 124 | October 25-31 - Episode 44,,True,,,True,,https://www.buzzsprout.com/800873/9421522-doctrine-and-covenants-124-october-25-31-episode-44.mp3,,38810,,17637534,,,URL,Talk of Him,,,2021-10-24 07:00:00,Podcast,,1467000,,,Ganel-Lyn Condie and Scott Sorensen
2023-01-02 01:39:05,6B254787E985D539,Real Talk & Friends - Aaron D. Franklin,,True,,,True,,https://www.buzzsprout.com/800873/9462594-real-talk-friends-aaron-d-franklin.mp3,,38812,,34602102,,,URL,Talk of Him,,,2021-10-31 03:00:00,Podcast,,2881000,,,Ganel-Lyn Condie and Scott Sorensen
2023-01-02 01:39:05,4F81EC39F4E71AE9,Doctrine and Covenants 125-128 | November 1-7 - Episode 45,,True,,,True,,https://www.buzzsprout.com/800873/9462570-doctrine-and-covenants-125-128-november-1-7-episode-45.mp3,,38814,,18881715,,,URL,Talk of Him,,,2021-10-31 07:00:00,Podcast,,1571000,,,Ganel-Lyn Condie and Scott Sorensen
2023-01-02 01:39:05,33FA423C6DBFE54E,Doctrine and Covenants 129-132 | November 8-14 - Episode 46,,True,,,True,,https://www.buzzsprout.com/800873/9504599-doctrine-and-covenants-129-132-november-8-14-episode-46.mp3,,38816,,16156656,,,URL,Talk of Him,,,2021-11-07 07:00:00,Podcast,,1344000,,,
2023-01-02 01:39:05,14DBDAA151A921C0,Doctrine and Covenants 133-134 | November 15-21 - Episode 47,,True,,,True,,https://www.buzzsprout.com/800873/9543942-doctrine-and-covenants-133-134-november-15-21-episode-47.mp3,,38818,,16357917,,,URL,Talk of Him,,,2021-11-14 08:00:00,Podcast,,1361000,,,
2023-01-02 01:39:05,4FEDE6970A845868,Doctrine and Covenants 135-136 | November 22-28 - Episode 48,,True,,,True,,https://www.buzzsprout.com/800873/9585067-doctrine-and-covenants-135-136-november-22-28-episode-48.mp3,,38820,,18297265,,,URL,Talk of Him,,,2021-11-21 08:00:00,Podcast,,1522000,,,
2023-01-02 01:39:05,CBBA5ADC26224721,Doctrine and Covenants 137-138 | November 29-December 5 - Episode 49,,True,,,True,,https://www.buzzsprout.com/800873/9622619-doctrine-and-covenants-137-138-november-29-december-5-episode-49.mp3,,38822,,17082924,,,URL,Talk of Him,,,2021-11-28 08:00:00,Podcast,,1421000,,,Ganel-Lyn Condie and Scott Sorensen
2023-01-02 01:39:05,E3357D84715E321C,The Articles of Faith and Official Declarations 1 and 2 | December 6-12 - Episode 50,,True,,,True,,https://www.buzzsprout.com/800873/9664236-the-articles-of-faith-and-official-declarations-1-and-2-december-6-12-episode-50.mp3,,38824,,17765526,,,URL,Talk of Him,Articles of Faith and Official Declarations 1 and 2 | December 6-12 - Episode 50,,2021-12-05 08:00:00,Podcast,,1478000,,,
2023-01-02 01:39:05,795DF3255CE575B2,The Family: A Proclamation to the World | December 13-19 - Episode 51,,True,,,True,,https://www.buzzsprout.com/800873/9704851-the-family-a-proclamation-to-the-world-december-13-19-episode-51.mp3,,38826,,16153233,,,URL,Talk of Him,Family: A Proclamation to the World | December 13-19 - Episode 51,,2021-12-12 08:00:00,Podcast,,1344000,,,
2023-01-02 01:39:05,617490570931AD93,Christmas | December 20-26 - Episode 52,,True,,,True,,https://www.buzzsprout.com/800873/9747234-christmas-december-20-26-episode-52.mp3,,38828,,24701203,,,URL,Talk of Him,,,2021-12-19 08:00:00,Podcast,,2056000,,,
2023-01-02 01:39:05,E4D4428BE55FE59A,Introduction to John Fossum,,True,,,True,,https://www.buzzsprout.com/800873/9748376-introduction-to-john-fossum.mp3,,38830,,16555439,,,URL,Talk of Him,,,2021-12-20 08:00:00,Podcast,,1377000,,,Ganel-Lyn Condie and Scott Sorensen
2023-01-02 01:39:05,98D14287C9B8C83C,Moses 1; Abraham 3 | December 27-January 2 - Episode 1,,True,,,True,,https://www.buzzsprout.com/800873/9788262-moses-1-abraham-3-december-27-january-2-episode-1.mp3,,38832,,16254302,,,URL,Talk of Him,,,2021-12-26 08:00:00,Podcast,,1352000,,,
2023-01-02 01:39:05,C2176B372A033E03,Genesis 1-2; Moses 2-3; Abraham 4-5 | January 3-9 - Episode 2,,True,,,True,,https://www.buzzsprout.com/800873/9817314-genesis-1-2-moses-2-3-abraham-4-5-january-3-9-episode-2.mp3,,38834,,15693107,,,URL,Talk of Him,,,2022-01-02 08:00:00,Podcast,,1305000,,,
2023-01-02 01:39:05,AA2AFF1990BC13E2,Genesis 3-4; Moses 4-5 | January 10-16 - Episode 3,,True,,,True,,https://www.buzzsprout.com/800873/9853327-genesis-3-4-moses-4-5-january-10-16-episode-3.mp3,,38836,,16867466,,,URL,Talk of Him,,,2022-01-09 07:00:00,Podcast,,1404000,,,
2023-01-02 01:39:05,BD75A974CD5CEFCC,Genesis 5; Moses 6 | January 17-23 - Episode 4,,True,,,True,,https://www.buzzsprout.com/800873/9893116-genesis-5-moses-6-january-17-23-episode-4.mp3,,38838,,15438064,,,URL,Talk of Him,,,2022-01-16 08:00:00,Podcast,,1284000,,,Ganel-Lyn Condie and John Fossum
2023-01-02 01:39:05,9A895622D177F751,Moses 7 | January 24-30 - Episode 5,,True,,,True,,https://www.buzzsprout.com/800873/9934077-moses-7-january-24-30-episode-5.mp3,,38840,,14736532,,,URL,Talk of Him,,,2022-01-23 08:00:00,Podcast,,1226000,,,
2023-01-02 01:39:05,28C781AE490F5C9E,Genesis 6-11; Moses 8 | January 31-February 6 - Episode 6,,True,,,True,,https://www.buzzsprout.com/800873/9976646-genesis-6-11-moses-8-january-31-february-6-episode-6.mp3,,38842,,9382539,,,URL,Talk of Him,,,2022-01-30 08:00:00,Podcast,,1170000,,,
2023-01-02 01:39:05,DEED25D45DBD71F4,Genesis 12-17; Abraham 1-2 | February 7-13 - Episode 7,,True,,,True,,https://www.buzzsprout.com/800873/10019367-genesis-12-17-abraham-1-2-february-7-13-episode-7.mp3,,38844,,18683500,,,URL,Talk of Him,,,2022-02-06 08:00:00,Podcast,,1555000,,,
2023-01-02 01:39:05,54F512009CC44173,Genesis 18-23 | February 14-20 - Episode 8,,True,,,True,,https://www.buzzsprout.com/800873/10064069-genesis-18-23-february-14-20-episode-8.mp3,,38846,,16808919,,,URL,Talk of Him,,,2022-02-13 08:00:00,Podcast,,1399000,,,
2023-01-02 01:39:05,5DE7C3C605F41205,Genesis 24-27 | February 21-27 - Episode 9,,True,,,True,,https://www.buzzsprout.com/800873/10107851-genesis-24-27-february-21-27-episode-9.mp3,,38848,,16636456,,,URL,Talk of Him,,,2022-02-20 08:00:00,Podcast,,1384000,,,
2023-01-02 01:39:05,48FE573D19AD3E17,Real Talk & Friends - David Thompson,,True,,,True,,https://www.buzzsprout.com/800873/10137504-real-talk-friends-david-thompson.mp3,,38850,,39208752,,,URL,Talk of Him,,,2022-02-25 01:00:00,Podcast,,3265000,,,
2023-01-02 01:39:05,C62D2C9771B2E01F,Genesis 28-33 | February 28-March 6 - Episode 10,,True,,,True,,https://www.buzzsprout.com/800873/10149581-genesis-28-33-february-28-march-6-episode-10.mp3,,38852,,18573312,,,URL,Talk of Him,,,2022-02-27 08:00:00,Podcast,,1546000,,,
2023-01-02 01:39:05,3A0E6E8586448739,Genesis 37-41 | March 7-13 - Episode 11,,True,,,True,,https://www.buzzsprout.com/800873/10149604-genesis-37-41-march-7-13-episode-11.mp3,,38854,,15479915,,,URL,Talk of Him,,,2022-03-06 08:00:00,Podcast,,1288000,,,
2023-01-02 01:39:05,20C0E416E7E2ED47,Genesis 42-50 | March 14-20 - Episode 12,,True,,,True,,https://www.buzzsprout.com/800873/10238909-genesis-42-50-march-14-20-episode-12.mp3,,38856,,18086581,,,URL,Talk of Him,,,2022-03-13 08:00:00,Podcast,,1505000,,,
2023-01-02 01:39:05,EC40723A8DF114F7,Exodus 1-6 | March 21-27 - Episode 13,,True,,,True,,https://www.buzzsprout.com/800873/10281169-exodus-1-6-march-21-27-episode-13.mp3,,38858,,18142915,,,URL,Talk of Him,,,2022-03-20 07:00:00,Podcast,,1510000,,,
2023-01-02 01:39:05,92610FC9C0C9C19F,Real Talk & Friends - Tamara Hall,,True,,,True,,https://www.buzzsprout.com/800873/10313968-real-talk-friends-tamara-hall.mp3,,38860,,35160091,,,URL,Talk of Him,,,2022-03-24 22:00:00,Podcast,,2928000,,,
2023-01-02 01:39:05,8566D053C5BE8F52,Exodus 7-13 | March 28 - April 3rd - Episode 14,,True,,,True,,https://www.buzzsprout.com/800873/10324150-exodus-7-13-march-28-april-3rd-episode-14.mp3,,38862,,18843429,,,URL,Talk of Him,,,2022-03-27 07:00:00,Podcast,,1568000,,,
2023-01-02 01:39:05,00919347283004F0,Exodus 14-17 | April 4-10 - Episode 15,,True,,,True,,https://www.buzzsprout.com/800873/10366911-exodus-14-17-april-4-10-episode-15.mp3,,38864,,19212751,,,URL,Talk of Him,,,2022-04-03 07:00:00,Podcast,,1599000,,,
2023-01-02 01:39:05,8CB093854600996A,*Special Easter Episode* He Will Swallow Up Death in Victory | April 11-17 - Episode 16,,True,,,True,,https://www.buzzsprout.com/800873/10409469-special-easter-episode-he-will-swallow-up-death-in-victory-april-11-17-episode-16.mp3,,38866,,15094395,,,URL,Talk of Him,,,2022-04-10 07:00:00,Podcast,,1256000,,,
2023-01-02 01:39:05,A3E391FEA5B4124D,Exodus 18-20 | April 18-24 - Episode 17,,True,,,True,,https://www.buzzsprout.com/800873/10450414-exodus-18-20-april-18-24-episode-17.mp3,,38868,,10346375,,,URL,Talk of Him,,,2022-04-17 07:00:00,Podcast,,1290000,,,
2023-01-02 01:39:05,AEDCDC6042F9D7D2,Exodus 24; 31-34 | April 25-May 1 - Episode 18,,True,,,True,,https://www.buzzsprout.com/800873/10477852-exodus-24-31-34-april-25-may-1-episode-18.mp3,,38870,,13401778,,,URL,Talk of Him,,,2022-04-24 07:00:00,Podcast,,1672000,,,Ganel-Lyn Condie and John Fossum
2023-01-02 01:39:05,49B544F93C45BCF3,Real Talk & Friends - Kerry Muhlestein,,True,,,True,,https://www.buzzsprout.com/800873/10529327-real-talk-friends-kerry-muhlestein.mp3,,38872,,29508337,,,URL,Talk of Him,,,2022-04-29 20:00:00,Podcast,,2457000,,,Ganel-Lyn Condie and John Fossum
2023-01-02 01:39:05,A4FEABA294E89C04,Exodus 35-40; Leviticus 1; 16; 19 | May 2-8 - Episode 19,,True,,,True,,https://www.buzzsprout.com/800873/10529298-exodus-35-40-leviticus-1-16-19-may-2-8-episode-19.mp3,,38874,,16978670,,,URL,Talk of Him,,,2022-05-01 07:00:00,Podcast,,1413000,,,Ganel-Lyn Condie and John Fossum
2023-01-02 01:39:05,1BFB9B1DEC057343,Numbers 11-14; 20-24 | May 9-15 - Episode 20,,True,,,True,,https://www.buzzsprout.com/800873/10577853-numbers-11-14-20-24-may-9-15-episode-20.mp3,,38876,,17848160,,,URL,Talk of Him,,,2022-05-08 07:00:00,Podcast,,1485000,,,Ganel-Lyn Condie and John Fossum
2023-01-02 01:39:05,3C88C382DE415E94,Deuteronomy 6–8; 15; 18; 29–30; 34 | May 16-22 - Episode 21,,True,,,True,,https://www.buzzsprout.com/800873/10618438-deuteronomy-6-8-15-18-29-30-34-may-16-22-episode-21.mp3,,38878,,10577164,,,URL,Talk of Him,,,2022-05-15 07:00:00,Podcast,,1319000,,,Ganel-Lyn Condie and John Fossum
2023-01-02 01:39:05,25CE670CE8860F88,Joshua 1-8; 23-24 | May 23-29 - Episode 22,,True,,,True,,https://www.buzzsprout.com/800873/10658586-joshua-1-8-23-24-may-23-29-episode-22.mp3,,38880,,17479991,,,URL,Talk of Him,,,2022-05-22 07:00:00,Podcast,,1455000,,,
2023-01-02 01:39:05,12B4965FB3EDEC03,Judges 2–4; 6–8; 13–16  | May 30-June 5 - Episode 23,,True,,,True,,https://www.buzzsprout.com/800873/10698877-judges-2-4-6-8-13-16-may-30-june-5-episode-23.mp3,,38882,,17142910,,,URL,Talk of Him,,,2022-05-29 07:00:00,Podcast,,1427000,,,
2023-01-02 01:39:05,D4F5E620B084EC95,Ruth; 1 Samuel 1-3  | June 6-12 - Episode 24,,True,,,True,,https://www.buzzsprout.com/800873/10737956-ruth-1-samuel-1-3-june-6-12-episode-24.mp3,,38884,,20002149,,,URL,Talk of Him,,,2022-06-05 07:00:00,Podcast,,1665000,,,
2023-01-02 01:39:05,4AC419B06E7AA8F6,1 Samuel 8-10; 13; 15-18  | June 13-19 - Episode 25,,True,,,True,,https://www.buzzsprout.com/800873/10772912-1-samuel-8-10-13-15-18-june-13-19-episode-25.mp3,,38886,,17486582,,,URL,Talk of Him,,,2022-06-12 07:00:00,Podcast,,1455000,,,
2023-01-02 01:39:05,39AF3747CC3A6EBD,2 Samuel 5–7; 11–12; 1 Kings 3; 8; 11   | June 20-26 - Episode 26,,True,,,True,,https://www.buzzsprout.com/800873/10811938-2-samuel-5-7-11-12-1-kings-3-8-11-june-20-26-episode-26.mp3,,38888,,18080371,,,URL,Talk of Him,,,2022-06-19 07:00:00,Podcast,,1505000,,,
2023-01-02 01:39:05,D8011657B5719B96,1 Kings 17-19   | June 27- July 3 - Episode 27,,True,,,True,,https://www.buzzsprout.com/800873/10854489-1-kings-17-19-june-27-july-3-episode-27.mp3,,38890,,16930761,,,URL,Talk of Him,,,2022-06-26 07:00:00,Podcast,,1409000,,,Ganel-Lyn Condie and John Fossum
2023-01-02 01:39:05,8DF859ED338E6507,2 Kings 2-7   | July 4-10 - Episode 28,,True,,,True,,https://www.buzzsprout.com/800873/10894656-2-kings-2-7-july-4-10-episode-28.mp3,,38892,,17336942,,,URL,Talk of Him,,,2022-07-03 07:00:00,Podcast,,1443000,,,
2023-01-02 01:39:05,75F5E1F44AEAF7EB,2 Kings 17-25   | July 11-17 - Episode 29,,True,,,True,,https://www.buzzsprout.com/800873/10923736-2-kings-17-25-july-11-17-episode-29.mp3,,38894,,18072185,,,URL,Talk of Him,,,2022-07-10 07:00:00,Podcast,,1504000,,,
2023-01-02 01:39:05,5FE0F20FF0E30C20,Ezra 1; 3–7; Nehemiah 2; 4–6; 8  | July 18-24 - Episode 30,,True,,,True,,https://www.buzzsprout.com/800873/10974994-ezra-1-3-7-nehemiah-2-4-6-8-july-18-24-episode-30.mp3,,38896,,17720797,,,URL,Talk of Him,,,2022-07-17 18:00:00,Podcast,,1475000,,,Ganel-Lyn Condie and John Fossum
2023-01-02 01:39:05,C1305C3E411D1208,Esther | July 25-31 - Episode 31,,True,,,True,,https://www.buzzsprout.com/800873/11018667-esther-july-25-31-episode-31.mp3,,38898,,16728771,,,URL,Talk of Him,,,2022-07-24 18:00:00,Podcast,,1392000,,,
2023-01-02 01:39:05,CC5B56BB1CFEA1F9,Job 1–3; 12–14; 19; 21–24; 38–40; 42 | August 1-7 - Episode 32,,True,,,True,,https://www.buzzsprout.com/800873/11054664-job-1-3-12-14-19-21-24-38-40-42-august-1-7-episode-32.mp3,,38900,,19506157,,,URL,Talk of Him,,,2022-07-31 07:00:00,Podcast,,1623000,,,Ganel-Lyn Condie and John Fossum
2023-01-02 01:39:05,90446FC235868024,Psalms 1-2; 8; 19-33; 40; 46 | August 8-14 - Episode 33,,True,,,True,,https://www.buzzsprout.com/800873/11088304-psalms-1-2-8-19-33-40-46-august-8-14-episode-33.mp3,,38902,,15781130,,,URL,Talk of Him,,,2022-08-07 07:00:00,Podcast,,1313000,,,Ganel-Lyn Condie and John Fossum
2023-01-02 01:39:05,D5BBEB9147F5B5DB,Psalms 49-51; 61-66; 69-72; 77-78; 85-86 | August 15-21 - Episode 34,,True,,,True,,https://www.buzzsprout.com/800873/11134008-psalms-49-51-61-66-69-72-77-78-85-86-august-15-21-episode-34.mp3,,38904,,19573700,,,URL,Talk of Him,,,2022-08-14 08:00:00,Podcast,,1629000,,,
2023-01-02 01:39:05,E3C7695CEA51FFB9,Psalms 102-103; 110; 116-119; 127-128; 135-139; 146-150 | August 22-28 - Episode 35,,True,,,True,,https://www.buzzsprout.com/800873/11171662-psalms-102-103-110-116-119-127-128-135-139-146-150-august-22-28-episode-35.mp3,,38906,,16751409,,,URL,Talk of Him,,,2022-08-21 07:00:00,Podcast,,1394000,,,
2023-01-02 01:39:05,6B7F804B7BE0E82E,Proverbs 1–4; 15–16; 22; 31; Ecclesiastes 1–3; 11–12 | August 29-September 4 - Episode 36,,True,,,True,,https://www.buzzsprout.com/800873/11215061-proverbs-1-4-15-16-22-31-ecclesiastes-1-3-11-12-august-29-september-4-episode-36.mp3,,38908,,18544598,,,URL,Talk of Him,,,2022-08-28 07:00:00,Podcast,,1543000,,,
2023-01-02 01:39:05,6E2D97BF24E94EEB,Isaiah 1-12 | September 5-11 - Episode 37,,True,,,True,,https://www.buzzsprout.com/800873/11255489-isaiah-1-12-september-5-11-episode-37.mp3,,38910,,15253307,,,URL,Talk of Him,,,2022-09-04 07:00:00,Podcast,,1269000,,,
2023-01-02 01:39:05,121F92B2A8CE853B,Isaiah 13-14; 24-30; 35 | September 12-18 - Episode 38,,True,,,True,,https://www.buzzsprout.com/800873/11296218-isaiah-13-14-24-30-35-september-12-18-episode-38.mp3,,38912,,18061959,,,URL,Talk of Him,,,2022-09-11 07:00:00,Podcast,,1503000,,,Ganel-Lyn Condie and John Fossum
2023-01-02 01:39:05,36219B71139B3A29,Isaiah 40-49 | September 19-25 - Episode 39,,True,,,True,,https://www.buzzsprout.com/800873/11337942-isaiah-40-49-september-19-25-episode-39.mp3,,38914,,18423688,,,URL,Talk of Him,,,2022-09-18 07:00:00,Podcast,,1533000,,,
2023-01-02 01:39:05,5CD805FF83FD4A93,Isaiah 50-57 | September 26-October 2 - Episode 40,,True,,,True,,https://www.buzzsprout.com/800873/11393384-isaiah-50-57-september-26-october-2-episode-40.mp3,,38916,,16619481,,,URL,Talk of Him,,,2022-09-27 15:00:00,Podcast,,1383000,,,
2023-01-02 01:39:05,0E5734281C0A6EF9,Isaiah 58-66 | October 3-9 - Episode 41,,True,,,True,,https://www.buzzsprout.com/800873/11410052-isaiah-58-66-october-3-9-episode-41.mp3,,38918,,15149062,,,URL,Talk of Him,,,2022-10-02 07:00:00,Podcast,,1260000,,,Ganel-Lyn Condie and John Fossum
2023-01-02 01:39:05,8F9F92D9B881186A,Jeremiah 1-3; 7; 16-18; 20 | October 10-16 - Episode 42,,True,,,True,,https://www.buzzsprout.com/800873/11459511-jeremiah-1-3-7-16-18-20-october-10-16-episode-42.mp3,,38920,,16552196,,,URL,Talk of Him,,,2022-10-09 07:00:00,Podcast,,1377000,,,
2023-01-02 01:39:05,A1ADEB50594F7185,Jeremiah 30-33; 36; Lamentations 1; 3 | October 17-23 - Episode 43,,True,,,True,,https://www.buzzsprout.com/800873/11498143-jeremiah-30-33-36-lamentations-1-3-october-17-23-episode-43.mp3,,38922,,10582509,,,URL,Talk of Him,,,2022-10-16 07:00:00,Podcast,,1319000,,,Ganel-Lyn Condie and John Fossum
2023-01-02 01:39:05,5B37996C25FEF5AB,Ezekiel 1-3; 33-34; 36-37; 47 | October 24-30 - Episode 44,,True,,,True,,https://www.buzzsprout.com/800873/11549084-ezekiel-1-3-33-34-36-37-47-october-24-30-episode-44.mp3,,38924,,11369280,,,URL,Talk of Him,,,2022-10-23 07:00:00,Podcast,,1418000,,,
2023-01-02 01:39:05,D6D401664458B86A,Daniel 1-6 | October 31-November 6 - Episode 45,,True,,,True,,https://www.buzzsprout.com/800873/11588849-daniel-1-6-october-31-november-6-episode-45.mp3,,38926,,18035174,,,URL,Talk of Him,,,2022-10-30 07:00:00,Podcast,,1501000,,,
2023-01-02 01:39:05,1D9B7AE70C53404D,Hosea 1-6; 10-14; Joel | November 7-13 - Episode 46,,True,,,True,,https://www.buzzsprout.com/800873/11632363-hosea-1-6-10-14-joel-november-7-13-episode-46.mp3,,38928,,16437106,,,URL,Talk of Him,,,2022-11-06 07:00:00,Podcast,,1368000,,,
2023-01-02 01:39:05,0647AFF4117828C3,Amos; Obadiah | November 14-20 - Episode 47,,True,,,True,,https://www.buzzsprout.com/800873/11677746-amos-obadiah-november-14-20-episode-47.mp3,,38930,,17870317,,,URL,Talk of Him,,,2022-11-13 08:00:00,Podcast,,1487000,,,
2023-01-02 01:39:05,35FE029D603393E1,Jonah; Micah | November 21-27 | “He Delighteth in Mercy” - Episode 48,,True,,,True,,https://www.buzzsprout.com/800873/11723926-jonah-micah-november-21-27-he-delighteth-in-mercy-episode-48.mp3,,38932,,15533198,,,URL,Talk of Him,,,2022-11-20 08:00:00,Podcast,,1293000,,,
2023-01-02 01:39:05,CE0E310F9926F520,Nahum; Habakkuk; Zephaniah | November 28-December 4 - Episode 49,,True,,,True,,https://www.buzzsprout.com/800873/11765654-nahum-habakkuk-zephaniah-november-28-december-4-episode-49.mp3,,38934,,15723179,,,URL,Talk of Him,,,2022-11-27 08:00:00,Podcast,,1308000,,,
2023-01-02 01:39:05,010EA8AA468ADFB1,Talk of Him & Friends - Terryl & Fiona Givens,,True,,,True,,https://www.buzzsprout.com/800873/11798115-talk-of-him-friends-terryl-fiona-givens.mp3,,38936,,47120484,,,URL,Talk of Him,,,2022-12-01 21:00:00,Podcast,,3925000,,,
2023-01-02 01:39:05,83B770608EE93F08,Haggai; Zechariah | December 5-11 | “Holiness unto the Lord” - Episode 50,,True,,,True,,https://www.buzzsprout.com/800873/11803519-haggai-zechariah-december-5-11-holiness-unto-the-lord-episode-50.mp3,,38938,,15987682,,,URL,Talk of Him,,,2022-12-04 08:00:00,Podcast,,1330000,,,
2023-01-02 01:39:06,F18483AA3143C986,"Malachi | December 12-18 | “I Have Loved You, Saith the Lord” - Episode 51",MPEG audio file,True,96,,True,1,https://www.buzzsprout.com/800873/11845614-malachi-december-12-18-i-have-loved-you-saith-the-lord-episode-51.mp3,,38940,,14867144,1,,URL,Talk of Him,,2023-01-02 01:39:06,2022-12-11 08:00:00,Podcast,44100,1237000,,2022,
2023-01-02 01:39:08,4CB37ADC60F8D0E4,Christmas Episode 2022 - Episode 52,MPEG audio file,True,96,,True,1,https://www.buzzsprout.com/800873/11887039-christmas-episode-2022-episode-52.mp3,,38942,,17243049,1,,URL,Talk of Him,,2023-01-02 01:39:08,2022-12-18 08:00:00,Podcast,44100,1435000,,2022,
2023-01-02 01:39:09,49B3E53F7935776B,"December 26, 2022 - January 1, 2023 | We Are Responsible for Our Own Learning - Episode 1",MPEG audio file,True,96,,True,1,https://www.buzzsprout.com/800873/11945964-december-26-2022-january-1-2023-we-are-responsible-for-our-own-learning-episode-1.mp3,,38946,,14760754,1,,URL,Talk of Him,,2023-01-02 01:39:09,2022-12-29 05:00:00,Podcast,44100,1230000,,2022,
2023-01-05 01:39:20,A03B0D0A3AC3CEE3,January 2 - January 8 | “Be It Unto Me According to Thy Word” - Episode 2,MPEG audio file,True,96,,True,1,https://www.buzzsprout.com/800873/11974870-january-2-january-8-be-it-unto-me-according-to-thy-word-episode-2.mp3,,38948,,14485595,1,,URL,Talk of Him,,2023-01-05 01:39:20,2023-01-04 01:00:00,Podcast,44100,1207000,,2023,
2023-01-09 01:39:21,36B22DE94F62C03A,January 9 - January 15 | “We Have Come to Worship Him” - Episode 3,MPEG audio file,True,96,,True,1,https://www.buzzsprout.com/800873/12000276-january-9-january-15-we-have-come-to-worship-him-episode-3.mp3,,38952,,12123057,1,,URL,Talk of Him,,2023-01-09 01:39:21,2023-01-08 08:00:00,Podcast,44100,1010000,,2023,
2023-01-16 01:39:06,E974313311E1F0ED,January 16 - January 22 | John 1 | “We Have Found the Messiah”,MPEG audio file,True,64,,True,1,https://www.buzzsprout.com/800873/12044181-january-16-january-22-john-1-we-have-found-the-messiah.mp3,,38956,,9347818,1,,URL,Talk of Him,,2023-01-16 01:39:06,2023-01-15 08:00:00,Podcast,44100,1171000,,2023,
2023-01-23 01:38:48,C4F64D3F18B1EAED,January 23 - January 29 | Matthew 3; Mark 1; Luke 3 | “Prepare Ye the Way of the Lord” - Episode 5,MPEG audio file,True,96,2023-03-01 13:36:38,,1,https://www.buzzsprout.com/800873/12091467-january-23-january-29-matthew-3-mark-1-luke-3-prepare-ye-the-way-of-the-lord-episode-5.mp3,,38958,2,15622461,1,,URL,Talk of Him,,2023-01-23 01:38:48,2023-01-22 08:00:00,Podcast,44100,1302000,3760497398,2023,
2023-03-05 04:45:05,5695872253116E50,January 30 - February 5 | Matthew 4; Luke 4-5 | “The Spirit of the Lord is Upon Me” - Episode 6,,True,,,True,,https://www.buzzsprout.com/800873/12137816-january-30-february-5-matthew-4-luke-4-5-the-spirit-of-the-lord-is-upon-me-episode-6.mp3,,39000,,14542292,,,URL,Talk of Him,,,2023-01-29 08:00:00,Podcast,,1212000,,,
2023-03-05 04:45:05,988957575266B5CD,February 6 - 12 | John 2 - 4 | “Ye Must Be Born Again” - Episode 7,,True,,,True,,https://www.buzzsprout.com/800873/12185706-february-6-12-john-2-4-ye-must-be-born-again-episode-7.mp3,,39002,,13860833,,,URL,Talk of Him,,,2023-02-05 08:00:00,Podcast,,1155000,,,
2023-03-05 04:45:05,0FF0D1D0E050A560,February 13 - 19 | Matthew 5; Luke 6 | “Blessed Are Ye” - Episode 8,,True,,,True,,https://www.buzzsprout.com/800873/12233180-february-13-19-matthew-5-luke-6-blessed-are-ye-episode-8.mp3,,39004,,12273612,,,URL,Talk of Him,,,2023-02-12 08:00:00,Podcast,,1022000,,,
2023-03-05 04:45:07,F640EB84C8526829,February 20 - 26 | Matthew 6 - 7 | “He Taught Them as One Having Authority” - Episode 9,MPEG audio file,True,96,,True,1,https://www.buzzsprout.com/800873/12281808-february-20-26-matthew-6-7-he-taught-them-as-one-having-authority-episode-9.mp3,,39008,,13904069,1,,URL,Talk of Him,,2023-03-05 04:45:07,2023-02-19 08:00:00,Podcast,44100,1159000,,2023,
2023-03-05 04:45:09,4C1D5B082EA3A5BC,Talk of Him & Friends - Charlie Bird,MPEG audio file,True,96,,True,1,https://www.buzzsprout.com/800873/12323631-talk-of-him-friends-charlie-bird.mp3,,39012,,37301656,1,,URL,Talk of Him,,2023-03-05 04:45:09,2023-02-24 22:00:00,Podcast,44100,3111000,,2023,
2023-03-05 04:45:10,7B4CBE562D11C2F6,February 27 - March 5 | Matthew 8; Mark 2-4; Luke 7 | “Thy Faith Hath Saved Thee” - Episode 10,MPEG audio file,True,96,,True,1,https://www.buzzsprout.com/800873/12323678-february-27-march-5-matthew-8-mark-2-4-luke-7-thy-faith-hath-saved-thee-episode-10.mp3,,39014,,13001704,1,,URL,Talk of Him,,2023-03-05 04:45:10,2023-02-26 08:00:00,Podcast,44100,1083000,,2023,
2023-04-09 18:49:25,29AD31D4DDFC0B8E,March 6 - March 12 | Matthew 9-10; Mark 5; Luke 9 | “These Twelve Jesus Sent Forth ” - Episode 11,,True,,,True,,https://www.buzzsprout.com/800873/12375485-march-6-march-12-matthew-9-10-mark-5-luke-9-these-twelve-jesus-sent-forth-episode-11.mp3,,41008,,14371398,,,URL,Talk of Him,,,2023-03-05 08:00:00,Podcast,,1198000,,,
2023-04-09 18:49:25,F96A2C397E533F07,March 13 - March 19 | Matthew 11-12; Luke 11  | “I Will Give You Rest ” - Episode 12,,True,,,True,,https://www.buzzsprout.com/800873/12416563-march-13-march-19-matthew-11-12-luke-11-i-will-give-you-rest-episode-12.mp3,,41010,,14406115,,,URL,Talk of Him,,,2023-03-12 08:00:00,Podcast,,1200000,,,
2023-04-09 18:49:25,400ACD4781D33494,"March 20 - March 26 | Matthew 13; Luke 8; 13  | “Who Hath Ears to Hear, Let Him Hear ” - Episode 13",,True,,,True,,https://www.buzzsprout.com/800873/12463575-march-20-march-26-matthew-13-luke-8-13-who-hath-ears-to-hear-let-him-hear-episode-13.mp3,,41012,,15212433,,,URL,Talk of Him,,,2023-03-19 07:00:00,Podcast,,1268000,,,
2023-04-09 18:49:25,C1D63F68396FCA34,March 27 - April 2 | Matthew 14; Mark 6; John 5-6  | “Be Not Afraid” - Episode 14,,True,,2023-04-25 20:11:45,,,https://www.buzzsprout.com/800873/12510678-march-27-april-2-matthew-14-mark-6-john-5-6-be-not-afraid-episode-14.mp3,,41014,1,14925063,,,URL,Talk of Him,,,2023-03-26 07:00:00,Podcast,,1244000,3765276705,,
2023-04-09 18:49:29,2A58112153EB89A5,Talk of Him & Friends - Brad and Roger Wilcox,MPEG audio file,True,96,2023-05-27 21:07:20,,1,https://www.buzzsprout.com/800873/12543480-talk-of-him-friends-brad-and-roger-wilcox.mp3,,41020,20,41062056,1,,URL,Talk of Him,,2023-04-09 18:49:29,2023-03-29 19:00:00,Podcast,44100,3425000,3768044840,2023,
2023-04-09 18:49:30,1CED9748AD45D68E,"April 3 - 9 | Easter  | “O Grave, Where Is Thy Victory” - Episode 15",MPEG audio file,True,96,2023-07-03 20:55:22,,1,https://www.buzzsprout.com/800873/12566826-april-3-9-easter-o-grave-where-is-thy-victory-episode-15.mp3,,41024,,14015459,1,,URL,Talk of Him,,2023-04-09 18:49:30,2023-04-02 07:00:00,Podcast,44100,1168000,3771240922,2023,
2023-04-09 18:49:31,09E37FD138C47F00,April 10-16 | Matthew 15-17; Mark 7-9;  | “Thou Art the Christ” - Episode 16,MPEG audio file,True,96,,True,1,https://www.buzzsprout.com/800873/12609740-april-10-16-matthew-15-17-mark-7-9-thou-art-the-christ-episode-16.mp3,,41026,,14280663,1,,URL,Talk of Him,,2023-04-09 18:49:31,2023-04-09 07:00:00,Podcast,44100,1190000,,2023,Ganel-Lyn Condie and John Fossum
2023-06-02 01:50:19,A93184FADC9D6686,April 17-23 | Matthew 18; Luke 10;  | “What Shall I Do to Inherit Eternal Life?” - Episode 17,,True,,,True,,https://www.buzzsprout.com/800873/12651962-april-17-23-matthew-18-luke-10-what-shall-i-do-to-inherit-eternal-life-episode-17.mp3,,41330,,14971411,,,URL,Talk of Him,,,2023-04-16 07:00:00,Podcast,,1248000,,,
2023-06-02 01:50:19,6B23D4C2C4CE9FBC,April 24-30 | John 7-10  | “I Am the Good Shepherd” - Episode 18,,True,,2023-05-15 18:06:55,,,https://www.buzzsprout.com/800873/12698110-april-24-30-john-7-10-i-am-the-good-shepherd-episode-18.mp3,,41332,1,17468154,,,URL,Talk of Him,,,2023-04-23 07:00:00,Podcast,,1456000,3766997215,,
2023-06-02 01:50:19,B12EF141F4949C52,Talk of Him & Friends - Reyna and Elena Aburto,,True,,,True,,https://www.buzzsprout.com/800873/12737999-talk-of-him-friends-reyna-and-elena-aburto.mp3,,41334,,33330019,,,URL,Talk of Him,,,2023-04-27 20:00:00,Podcast,,2780000,,,
2023-06-02 01:50:19,FD296861F633C504,May 1-7 | Luke 12-17; John 11  | “Rejoice with Me; for I Have Found My Sheep Which Was Lost” - Episode 19,,True,,2023-06-12 17:09:22,,,https://www.buzzsprout.com/800873/12748379-may-1-7-luke-12-17-john-11-rejoice-with-me-for-i-have-found-my-sheep-which-was-lost-episode-19.mp3,,41336,1,15644072,,,URL,Talk of Him,,,2023-04-30 07:00:00,Podcast,,1304000,3769412962,,
2023-06-02 01:50:19,76FED7FBB88257D6,Talk of Him Conference Talks | The Teachings of Jesus Christ - Dallin H. Oaks | Episode 1,,True,,,True,,https://www.buzzsprout.com/800873/12776872-talk-of-him-conference-talks-the-teachings-of-jesus-christ-dallin-h-oaks-episode-1.mp3,,41338,,7319805,,,URL,Talk of Him,,,2023-05-03 15:00:00,Podcast,,609000,,,
2023-06-02 01:50:19,6646C0B54B13FF43,May 8-14 | Matthew 19–20; Mark 10; Luke 18 | “What Lack I Yet?” - Episode 20,,True,,,True,,https://www.buzzsprout.com/800873/12793998-may-8-14-matthew-19-20-mark-10-luke-18-what-lack-i-yet-episode-20.mp3,,41340,,14756972,,,URL,Talk of Him,,,2023-05-07 07:00:00,Podcast,,1230000,,,
2023-06-02 01:50:19,FBD20C2AD7C78101,Talk of Him Conference Talks | Jesus Christ is Relief -  Camille N. Johnson | Episode 2,,True,,,True,,https://www.buzzsprout.com/800873/12830090-talk-of-him-conference-talks-jesus-christ-is-relief-camille-n-johnson-episode-2.mp3,,41342,,7523877,,,URL,Talk of Him,,,2023-05-11 15:00:00,Podcast,,626000,,,
2023-06-02 01:50:19,0563596E279E5D03,"May 15 - 21| Matthew 21–23; Mark 11; Luke 19–20; John 12 | “Behold, Thy King Cometh” - Episode 21",,True,,,True,,https://www.buzzsprout.com/800873/12843204-may-15-21-matthew-21-23-mark-11-luke-19-20-john-12-behold-thy-king-cometh-episode-21.mp3,,41344,,12890595,,,URL,Talk of Him,,,2023-05-14 07:00:00,Podcast,,1074000,,,
2023-06-02 01:50:19,6BEABFAEC21A7900,Talk of Him Conference Talks | Christlike Poise - Elder Mark A. Bragg | Episode 3,,True,,,True,,https://www.buzzsprout.com/800873/12870656-talk-of-him-conference-talks-christlike-poise-elder-mark-a-bragg-episode-3.mp3,,41346,,6915393,,,URL,Talk of Him,,,2023-05-17 23:00:00,Podcast,,575000,,,
2023-06-02 01:50:19,6F316B86135B3548,May 22 - 28| Joseph Smith—Matthew 1; Matthew 24–25; Mark 12–13; Luke 21 | “The Son of Man Shall Come” - Episode 22,,True,,,True,,https://www.buzzsprout.com/800873/12882810-may-22-28-joseph-smith-matthew-1-matthew-24-25-mark-12-13-luke-21-the-son-of-man-shall-come-episode-22.mp3,,41348,,14224635,,,URL,Talk of Him,,,2023-05-21 07:00:00,Podcast,,1185000,,,
2023-06-02 01:50:20,F0CCC9AD0BFA1F24,Talk of Him Conference Talks | Jesus Christ Is the Strength of Parents - Elder Dieter F. Uchtdorf | Episode 4,MPEG audio file,True,96,,True,1,https://www.buzzsprout.com/800873/12897927-talk-of-him-conference-talks-jesus-christ-is-the-strength-of-parents-elder-dieter-f-uchtdorf-episode-4.mp3,,41380,,7205913,1,,URL,Talk of Him,,2023-06-02 01:50:20,2023-05-24 07:00:00,Podcast,44100,600000,,2023,
2023-06-02 01:50:22,A92D6E3D1A17CED7,May 29 - June 4 | Matthew 26; Mark 14; John 13 | “In Remembrance” - Episode 23,MPEG audio file,True,96,,True,1,https://www.buzzsprout.com/800873/12922616-may-29-june-4-matthew-26-mark-14-john-13-in-remembrance-episode-23.mp3,,41392,,12105943,1,,URL,Talk of Him,,2023-06-02 01:50:22,2023-05-28 07:00:00,Podcast,44100,1008000,,2023,Ganel-Lyn Condie and John Fossum
2023-06-02 01:50:25,D0FFA45604C42BC2,Talk of Him Conference Talks | Do You Know Why I as a Christian Believe in Christ? - Elder Ahmad S. Corbitt | Episode 5,MPEG audio file,True,96,,True,1,https://www.buzzsprout.com/800873/12963283-talk-of-him-conference-talks-do-you-know-why-i-as-a-christian-believe-in-christ-elder-ahmad-s-corbitt-episode-5.mp3,,41398,,7071343,1,,URL,Talk of Him,,2023-06-02 01:50:25,2023-06-01 22:00:00,Podcast,44100,588000,,2023,
2023-06-24 01:39:05,775ABAED326AFCD3,June 5 - 11 | John 14 - 17 | “Continue Ye in My Love” - Episode 24,,True,,,True,,https://www.buzzsprout.com/800873/12968942-june-5-11-john-14-17-continue-ye-in-my-love-episode-24.mp3,,41424,,16045650,,,URL,Talk of Him,,,2023-06-04 07:00:00,Podcast,,1337000,,,Ganel-Lyn Condie and John Fossum
2023-06-24 01:39:05,41463D41F23356AB,Talk of Him Conference Talks | Have I Truly Been Forgiven? - Elder K. Brett Nattress | Episode 6,,True,,,True,,https://www.buzzsprout.com/800873/12999807-talk-of-him-conference-talks-have-i-truly-been-forgiven-elder-k-brett-nattress-episode-6.mp3,,41426,,7955522,,,URL,Talk of Him,,,2023-06-08 00:00:00,Podcast,,662000,,,
2023-06-24 01:39:05,956B502BEEA860E1,"June 12 - 18 | John 18 | “Not My Will, but Thine, Be Done” - Episode 25",,True,,,True,,https://www.buzzsprout.com/800873/13011486-june-12-18-john-18-not-my-will-but-thine-be-done-episode-25.mp3,,41428,,15347280,,,URL,Talk of Him,,,2023-06-11 07:00:00,Podcast,,1279000,,,
2023-06-24 01:39:06,C038BD79920B4734,Talk of Him Conference Talks | Followers of the Prince of Peace  -   Elder Ulisses Soares | Episode 7,MPEG audio file,True,96,,True,1,https://www.buzzsprout.com/800873/13033451-talk-of-him-conference-talks-followers-of-the-prince-of-peace-elder-ulisses-soares-episode-7.mp3,,41438,,7186491,1,,URL,Talk of Him,,2023-06-24 01:39:06,2023-06-14 07:00:00,Podcast,44100,598000,,2023,
2023-06-24 01:39:09,4CE74ED901A7E243,June 19 - 25 | Matthew 27; Mark 15; Luke 23; John 19 | “It Is Finished” - Episode 26,MPEG audio file,True,96,,True,1,https://www.buzzsprout.com/800873/13054647-june-19-25-matthew-27-mark-15-luke-23-john-19-it-is-finished-episode-26.mp3,,41442,,14603618,1,,URL,Talk of Him,,2023-06-24 01:39:09,2023-06-18 07:00:00,Podcast,44100,1217000,,2023,
2023-06-24 01:39:14,742D5346194DFBFC,Talk of Him Conference Talks | Ministering - Elder Gerrit W. Gong | Episode 8,MPEG audio file,True,96,,True,1,https://www.buzzsprout.com/800873/13086727-talk-of-him-conference-talks-ministering-elder-gerrit-w-gong-episode-8.mp3,,41450,,5776378,1,,URL,Talk of Him,,2023-06-24 01:39:14,2023-06-22 04:00:00,Podcast,44100,480000,,2023,
2023-06-30 04:35:38,86A51E62CE5F5262,Talk of Him Farewell Announcement,MPEG audio file,True,96,,True,1,https://www.buzzsprout.com/800873/13101253-talk-of-him-farewell-announcement.mp3,,41528,,3226669,1,,URL,Talk of Him,,2023-06-30 04:35:38,2023-06-25 03:00:00,Podcast,44100,267000,,2023,Ganel-Lyn Condie and John Fossum
2023-06-30 04:35:39,B70D5E30203D2D90,June 26 - July 2 | Matthew 28; Mark 16; Luke 24; John 20–21  | “He Is Risen” - Episode 27,MPEG audio file,True,96,,True,1,https://www.buzzsprout.com/800873/13096718-june-26-july-2-matthew-28-mark-16-luke-24-john-20-21-he-is-risen-episode-27.mp3,,41530,,15773935,1,,URL,Talk of Him,,2023-06-30 04:35:39,2023-06-25 07:00:00,Podcast,44100,1315000,,2023,
2023-07-11 19:48:55,039E5AABD8A0AE4C,July 3 - 9 | Acts 1–5  | “Ye Shall Be Witnesses unto Me” - Episode 28,MPEG audio file,True,96,,True,1,https://www.buzzsprout.com/800873/13141290-july-3-9-acts-1-5-ye-shall-be-witnesses-unto-me-episode-28.mp3,,41568,,16328844,1,,URL,Talk of Him,,2023-07-11 19:48:55,2023-07-02 07:00:00,Podcast,44100,1361000,,2023,
2023-07-11 19:48:58,B9556B7AE113A495,July 10 - 16 | Acts 6-9  | “What Wilt Thou Have Me to Do?” - Episode 29,MPEG audio file,True,96,,True,1,file://localhost/C:/Users/bruce/Music/iTunes/iTunes Media/Podcasts/Talk of Him/01 July 10 - 16 _ Acts 6-9  _ _What.mp3,4,41574,,14293968,1,1,File,Talk of Him,,2023-07-11 19:48:58,2023-07-09 07:00:00,Podcast,44100,1188440,,2023,
2023-07-22 21:57:34,5CC38A1AEB95AC83,July 17 - 23 | Acts 10-15  | “The Word of God Grew and Multiplied” - Episode 30,MPEG audio file,True,96,,True,1,file://localhost/C:/Users/bruce/Music/iTunes/iTunes Media/Podcasts/Talk of Him/01 July 17 - 23 _ Acts 10-15  _ _The.mp3,4,41590,,15161299,1,1,File,Talk of Him,,2023-07-22 21:57:34,2023-07-16 07:00:00,Podcast,44100,1260695,,2023,
2023-07-23 21:57:30,28370ABBFDF96B69,July 24 - 30| Acts 16–21  | “The Lord Had Called Us for to Preach the Gospel” - Episode 31,MPEG audio file,True,96,,True,1,file://localhost/C:/Users/bruce/Music/iTunes/iTunes Media/Podcasts/Talk of Him/01 July 24 - 30_ Acts 16–21  _ _The.mp3,4,41600,,15422934,1,1,File,Talk of Him,,2023-07-23 21:57:30,2023-07-23 07:00:00,Podcast,44100,1282507,,2023,
