date_added,persistent_id,name,kind,podcast,bitrate,play_date_utc,unplayed,location,sort_album,file_folder_count,track_id,play_count,size,artwork_count,library_folder_count,track_type,album,date_modified,release_date,genre,sample_rate,total_time,play_date,year,artist,composer
2023-06-02 01:50:17,5481BC41882915EF,01 Angels and the Aaronic Priesthood,,True,,,True,https://mstroud.podomatic.com/enclosure/2018-10-16T14_25_27-07_00.mp3?_=1580782471.13052094,Book of Mormon: Another Testament of Jesus Christ,,41176,,24426754,,,URL,The Book of Mormon: Another Testament of Jesus Christ,,2018-10-16 21:25:27,Podcast,,1351000,,,,
2023-06-02 01:50:17,1DD11FBA06DB4F2C,02 Accessing the Fullness of the Atonement of Jesus Christ Through Personal Revelation,,True,,,True,https://mstroud.podomatic.com/enclosure/2018-11-19T21_10_40-08_00.mp3?_=1582140454.13109486,Book of Mormon: Another Testament of Jesus Christ,,41178,,82922353,,,URL,The Book of Mormon: Another Testament of Jesus Christ,,2018-11-20 05:10:40,Podcast,,1507000,,,,
2023-06-02 01:50:17,E4A045654C459778,03 Introduction to the Book of Mormon,,True,,,True,https://mstroud.podomatic.com/enclosure/2018-11-26T18_43_43-08_00.mp3?_=1582775207.13123422,Book of Mormon: Another Testament of Jesus Christ,,41180,,66888762,,,URL,The Book of Mormon: Another Testament of Jesus Christ,,2018-11-27 02:43:43,Podcast,,3608000,,,,
2023-06-02 01:50:17,4E5D28DC56514744,"OLD 2017 PODCAST 037 ""The Gentiles""",,True,,,True,https://mstroud.podomatic.com/enclosure/2018-11-27T12_34_40-08_00.mp3?_=1579100389.13124900,Book of Mormon: Another Testament of Jesus Christ,,41182,,15871193,,,URL,The Book of Mormon: Another Testament of Jesus Christ,,2018-11-27 20:34:40,Podcast,,3967000,,,,
2023-06-02 01:50:17,C8877F8D4A05EDC6,04 1 Nephi 1,,True,,,True,https://mstroud.podomatic.com/enclosure/2018-12-03T10_14_25-08_00.mp3?_=1582775942.14551720,Book of Mormon: Another Testament of Jesus Christ,,41184,,53630581,,,URL,The Book of Mormon: Another Testament of Jesus Christ,,2018-12-03 18:14:25,Podcast,,3343000,,,,
2023-06-02 01:50:17,E6889EADA89BA26B,05 Spending Sacred Holy Time With The Lord Jesus Christ,,True,,,True,https://mstroud.podomatic.com/enclosure/2018-12-04T17_59_00-08_00.mp3?_=1582942564.13139009,Book of Mormon: Another Testament of Jesus Christ,,41186,,48174765,,,URL,The Book of Mormon: Another Testament of Jesus Christ,,2018-12-05 01:59:00,Podcast,,2719000,,,,
2023-06-02 01:50:17,6E9136B49424B4D4,"OLD 2017 PODCAST 038 ""The Virtue of the Word of God""",,True,,,True,https://mstroud.podomatic.com/enclosure/2018-12-04T18_12_37-08_00.mp3?_=1548554112.13139038,Book of Mormon: Another Testament of Jesus Christ,,41188,,13215044,,,URL,The Book of Mormon: Another Testament of Jesus Christ,,2018-12-05 02:12:37,Podcast,,3281000,,,,
2023-06-02 01:50:17,B661B1ED2B83A667,06 1 Nephi 2,,True,,,True,https://mstroud.podomatic.com/enclosure/2018-12-09T19_22_25-08_00.mp3?_=1548553712.13148021,Book of Mormon: Another Testament of Jesus Christ,,41190,,69152685,,,URL,The Book of Mormon: Another Testament of Jesus Christ,,2018-12-10 03:22:25,Podcast,,3928000,,,,
2023-06-02 01:50:17,5118BEE1DCCD0855,07 1 Nephi 3-4,,True,,,True,https://mstroud.podomatic.com/enclosure/2018-12-16T18_30_06-08_00.mp3?_=1583625814.13160658,Book of Mormon: Another Testament of Jesus Christ,,41192,,68879674,,,URL,The Book of Mormon: Another Testament of Jesus Christ,,2018-12-17 02:30:06,Podcast,,4168000,,,,
2023-06-02 01:50:17,ED9BF4FAA7BE4172,"OLD 2016 Podcast ""The Holy Spirit""",,True,,,True,https://mstroud.podomatic.com/enclosure/2018-12-17T03_27_30-08_00.mp3?_=1548554245.13161246,Book of Mormon: Another Testament of Jesus Christ,,41194,,16568439,,,URL,The Book of Mormon: Another Testament of Jesus Christ,,2018-12-17 11:27:30,Podcast,,4142000,,,,
2023-06-02 01:50:17,24B5247AF00BB453,01 Ángeles y el Sacerdocio Aarónico,,True,,,True,https://mstroud.podomatic.com/enclosure/2018-12-21T09_55_00-08_00.mp3?_=1545414960.13169401,Book of Mormon: Another Testament of Jesus Christ,,41196,,17835034,,,URL,The Book of Mormon: Another Testament of Jesus Christ,,2018-12-21 17:55:00,Podcast,,1486000,,,,
2023-06-02 01:50:17,48307D9C977D1C78,08 1 Nephi 5-7,,True,,,True,https://mstroud.podomatic.com/enclosure/2018-12-22T19_08_14-08_00.mp3?_=1597696800.13171099,Book of Mormon: Another Testament of Jesus Christ,,41198,,72263176,,,URL,The Book of Mormon: Another Testament of Jesus Christ,,2018-12-23 03:08:14,Podcast,,4366000,,,,
2023-06-02 01:50:17,D2839CFFD768B002,09 1 Nephi 8,,True,,,True,https://mstroud.podomatic.com/enclosure/2018-12-28T03_30_51-08_00.mp3?_=1583973018.13178334,Book of Mormon: Another Testament of Jesus Christ,,41200,,66396109,,,URL,The Book of Mormon: Another Testament of Jesus Christ,,2018-12-28 11:30:51,Podcast,,4019000,,,,
2023-06-02 01:50:17,7F6AF5D86005FB56,010 1 Nephi 9-10,,True,,,True,https://mstroud.podomatic.com/enclosure/2018-12-30T19_55_08-08_00.mp3?_=1584063897.13181714,Book of Mormon: Another Testament of Jesus Christ,,41202,,56865759,,,URL,The Book of Mormon: Another Testament of Jesus Christ,,2018-12-31 03:55:08,Podcast,,3036000,,,,
2023-06-02 01:50:17,88E71A2FF5DE38B7,011 1 Nephi 11,,True,,,True,https://mstroud.podomatic.com/enclosure/2019-01-02T11_37_19-08_00.mp3?_=1584359907.13185431,Book of Mormon: Another Testament of Jesus Christ,,41204,,90603397,,,URL,The Book of Mormon: Another Testament of Jesus Christ,,2019-01-02 19:37:19,Podcast,,3775000,,,,
2023-06-02 01:50:17,8A15CA19F875F498,012 1 Nephi 12,,True,,,True,https://mstroud.podomatic.com/enclosure/2019-01-03T16_17_40-08_00.mp3?_=1590182321.13187338,Book of Mormon: Another Testament of Jesus Christ,,41206,,70509382,,,URL,The Book of Mormon: Another Testament of Jesus Christ,,2019-01-04 00:17:40,Podcast,,2937000,,,,
2023-06-02 01:50:17,6E85EE89C6488668,013 1 Nephi 13,,True,,,True,https://mstroud.podomatic.com/enclosure/2019-01-05T18_12_05-08_00.mp3?_=1573358460.13190221,Book of Mormon: Another Testament of Jesus Christ,,41208,,98592477,,,URL,The Book of Mormon: Another Testament of Jesus Christ,,2019-01-06 02:12:05,Podcast,,4107000,,,,
2023-06-02 01:50:17,39C25B1F9CC4D3E5,014 1 Nephi 14,,True,,,True,https://mstroud.podomatic.com/enclosure/2019-01-06T20_42_16-08_00.mp3?_=1573951171.13192230,Book of Mormon: Another Testament of Jesus Christ,,41210,,74113026,,,URL,The Book of Mormon: Another Testament of Jesus Christ,,2019-01-07 04:42:16,Podcast,,3088000,,,,
2023-06-02 01:50:17,4ACDEAA9E53E4868,015 1 Nephi 15,,True,,,True,https://mstroud.podomatic.com/enclosure/2019-01-10T17_14_36-08_00.mp3?_=1573951259.13199153,Book of Mormon: Another Testament of Jesus Christ,,41212,,94084788,,,URL,The Book of Mormon: Another Testament of Jesus Christ,,2019-01-11 01:14:36,Podcast,,3920000,,,,
2023-06-02 01:50:17,C810523569403F19,016 1 Nephi 16,,True,,,True,https://mstroud.podomatic.com/enclosure/2019-01-12T22_08_55-08_00.mp3?_=1573951325.13202410,Book of Mormon: Another Testament of Jesus Christ,,41214,,105291945,,,URL,The Book of Mormon: Another Testament of Jesus Christ,,2019-01-13 06:08:55,Podcast,,4387000,,,,
2023-06-02 01:50:17,33A33EFF5A03144E,017 1 Nephi 17:1-40,,True,,,True,https://mstroud.podomatic.com/enclosure/2019-01-14T15_50_12-08_00.mp3?_=1576681979.13205800,Book of Mormon: Another Testament of Jesus Christ,,41216,,95910440,,,URL,The Book of Mormon: Another Testament of Jesus Christ,,2019-01-14 23:50:12,Podcast,,3996000,,,,
2023-06-02 01:50:17,4ADD2DB07969B0AC,018 1 Nephi 17:41-55,,True,,,True,https://mstroud.podomatic.com/enclosure/2019-01-16T16_07_00-08_00.mp3?_=1575917805.13209738,Book of Mormon: Another Testament of Jesus Christ,,41218,,58863997,,,URL,The Book of Mormon: Another Testament of Jesus Christ,,2019-01-17 00:07:00,Podcast,,2452000,,,,
2023-06-02 01:50:17,A5FDB4C325CC9CC1,019 1 Nephi 18,,True,,,True,https://mstroud.podomatic.com/enclosure/2019-01-18T09_16_00-08_00.mp3?_=1575918424.13224114,Book of Mormon: Another Testament of Jesus Christ,,41220,,62974704,,,URL,The Book of Mormon: Another Testament of Jesus Christ,,2019-01-18 17:16:00,Podcast,,2623000,,,,
2023-06-02 01:50:17,4CF588B40BCC07E7,020 1 Nephi 19,,True,,,True,https://mstroud.podomatic.com/enclosure/2019-01-20T20_49_38-08_00.mp3?_=1575918498.13217246,Book of Mormon: Another Testament of Jesus Christ,,41222,,71997735,,,URL,The Book of Mormon: Another Testament of Jesus Christ,,2019-01-21 04:49:38,Podcast,,2999000,,,,
2023-06-02 01:50:17,B9AB36C0BFD2B8CE,021 1 Nephi 20,,True,,,True,https://mstroud.podomatic.com/enclosure/2019-01-23T10_03_07-08_00.mp3?_=1575918554.13222302,Book of Mormon: Another Testament of Jesus Christ,,41224,,72795828,,,URL,The Book of Mormon: Another Testament of Jesus Christ,,2019-01-23 18:03:07,Podcast,,3033000,,,,
2023-06-02 01:50:17,412CFCD88C28DBBA,022 1 Nephi 21,,True,,,True,https://mstroud.podomatic.com/enclosure/2019-01-24T18_36_48-08_00.mp3?_=1575918616.13224783,Book of Mormon: Another Testament of Jesus Christ,,41226,,85755906,,,URL,The Book of Mormon: Another Testament of Jesus Christ,,2019-01-25 02:36:48,Podcast,,3573000,,,,
2023-06-02 01:50:17,075F18A5CA60F6C1,023 1 Nephi 22,,True,,,True,https://mstroud.podomatic.com/enclosure/2019-01-26T17_39_39-08_00.mp3?_=1577028077.13228110,Book of Mormon: Another Testament of Jesus Christ,,41228,,104453101,,,URL,The Book of Mormon: Another Testament of Jesus Christ,,2019-01-27 01:39:39,Podcast,,4352000,,,,
2023-06-02 01:50:17,ECD77429E6A01550,024 Witness,,True,,,True,https://mstroud.podomatic.com/enclosure/2019-02-14T07_46_24-08_00.mp3?_=1553915829.13264052,Book of Mormon: Another Testament of Jesus Christ,,41230,,8976592,,,URL,The Book of Mormon: Another Testament of Jesus Christ,,2019-02-14 15:46:24,Podcast,,373000,,,,
2023-06-02 01:50:17,23012575293F9551,025 2 Nephi 1,,True,,,True,https://mstroud.podomatic.com/enclosure/2019-02-18T11_31_20-08_00.mp3?_=1552103280.13277380,Book of Mormon: Another Testament of Jesus Christ,,41232,,84979128,,,URL,The Book of Mormon: Another Testament of Jesus Christ,,2019-02-18 19:31:20,Podcast,,3540000,,,,
2023-06-02 01:50:17,B0B857E60622FFF8,026 2 Nephi 2,,True,,,True,https://mstroud.podomatic.com/enclosure/2019-02-25T16_21_14-08_00.mp3?_=1577028124.13317225,Book of Mormon: Another Testament of Jesus Christ,,41234,,94250298,,,URL,The Book of Mormon: Another Testament of Jesus Christ,,2019-02-26 00:21:14,Podcast,,3927000,,,,
2023-06-02 01:50:17,892E37F915EAAAC5,027 2 Nephi 3,,True,,,True,https://mstroud.podomatic.com/enclosure/2019-02-28T20_27_31-08_00.mp3?_=1577553043.13337296,Book of Mormon: Another Testament of Jesus Christ,,41236,,91923102,,,URL,The Book of Mormon: Another Testament of Jesus Christ,,2019-03-01 04:27:31,Podcast,,3830000,,,,
2023-06-02 01:50:17,70EA96B8F450C6D2,028 2 Nephi 4,,True,,,True,https://mstroud.podomatic.com/enclosure/2019-03-04T19_09_35-08_00.mp3?_=1577553109.13350768,Book of Mormon: Another Testament of Jesus Christ,,41238,,86227990,,,URL,The Book of Mormon: Another Testament of Jesus Christ,,2019-03-05 03:09:35,Podcast,,3592000,,,,
2023-06-02 01:50:17,4DA9CA96F4AB90CE,029 2 Nephi 5,,True,,,True,https://mstroud.podomatic.com/enclosure/2019-03-07T16_30_17-08_00.mp3?_=1577553235.13356550,Book of Mormon: Another Testament of Jesus Christ,,41240,,68120117,,,URL,The Book of Mormon: Another Testament of Jesus Christ,,2019-03-08 00:30:17,Podcast,,2838000,,,,
2023-06-02 01:50:17,9B26020BB81C61AC,030 2 Nephi 6,,True,,,True,https://mstroud.podomatic.com/enclosure/2019-03-11T08_29_41-07_00.mp3?_=1577553141.13366401,Book of Mormon: Another Testament of Jesus Christ,,41242,,75377561,,,URL,The Book of Mormon: Another Testament of Jesus Christ,,2019-03-11 15:29:41,Podcast,,3140000,,,,
2023-06-02 01:50:17,F0F1A76068EF9228,031 2 Nephi 7,,True,,,True,https://mstroud.podomatic.com/enclosure/2019-03-12T17_08_34-07_00.mp3?_=1577552953.13373408,Book of Mormon: Another Testament of Jesus Christ,,41244,,33402129,,,URL,The Book of Mormon: Another Testament of Jesus Christ,,2019-03-13 00:08:34,Podcast,,1391000,,,,
2023-06-02 01:50:17,EDE3C69692A41BA4,032 2 Nephi 8,,True,,,True,https://mstroud.podomatic.com/enclosure/2019-03-14T09_23_02-07_00.mp3?_=1578961524.13382558,Book of Mormon: Another Testament of Jesus Christ,,41246,,73082338,,,URL,The Book of Mormon: Another Testament of Jesus Christ,,2019-03-14 16:23:02,Podcast,,3045000,,,,
2023-06-02 01:50:17,79DED936B50BB004,033 2 Nephi 9 P1,,True,,,True,https://mstroud.podomatic.com/enclosure/2019-03-21T09_32_04-07_00.mp3?_=1554651911.13425367,Book of Mormon: Another Testament of Jesus Christ,,41248,,81310285,,,URL,The Book of Mormon: Another Testament of Jesus Christ,,2019-03-21 16:32:04,Podcast,,3387000,,,,
2023-06-02 01:50:17,0E04D090F5A029D4,034 2 Nephi 9 Pt 2,,True,,,True,https://mstroud.podomatic.com/enclosure/2019-03-23T10_28_53-07_00.mp3?_=1555003016.13435239,Book of Mormon: Another Testament of Jesus Christ,,41250,,82588615,,,URL,The Book of Mormon: Another Testament of Jesus Christ,,2019-03-23 17:28:53,Podcast,,3441000,,,,
2023-06-02 01:50:17,DA10B8CAC4CFED55,035 2 Nephi 9 Pt3,,True,,,True,https://mstroud.podomatic.com/enclosure/2019-03-24T09_51_13-07_00.mp3?_=1555003022.13438029,Book of Mormon: Another Testament of Jesus Christ,,41252,,50545775,,,URL,The Book of Mormon: Another Testament of Jesus Christ,,2019-03-24 16:51:13,Podcast,,2106000,,,,
2023-06-02 01:50:17,99B22FA6EED064BF,036 2 Nephi 10,,True,,,True,https://mstroud.podomatic.com/enclosure/2019-03-30T18_41_00-07_00.mp3?_=1554683385.13473479,Book of Mormon: Another Testament of Jesus Christ,,41254,,89084324,,,URL,The Book of Mormon: Another Testament of Jesus Christ,,2019-03-31 01:41:00,Podcast,,3711000,,,,
2023-06-02 01:50:17,1CA624BE30D2A3D8,037 2 Nephi 11-12,,True,,,True,https://mstroud.podomatic.com/enclosure/2019-04-03T18_01_13-07_00.mp3?_=1555190504.13519906,Book of Mormon: Another Testament of Jesus Christ,,41256,,74297976,,,URL,The Book of Mormon: Another Testament of Jesus Christ,,2019-04-04 01:01:13,Podcast,,3095000,,,,
2023-06-02 01:50:17,C374C408E71EC02A,038 2 Nephi 13-14,,True,,,True,https://mstroud.podomatic.com/enclosure/2019-04-10T18_36_03-07_00.mp3?_=1555190461.13545269,Book of Mormon: Another Testament of Jesus Christ,,41258,,85333352,,,URL,The Book of Mormon: Another Testament of Jesus Christ,,2019-04-11 01:36:03,Podcast,,3555000,,,,
2023-06-02 01:50:17,3152390C5F45133E,039 2 Nephi 15,,True,,,True,https://mstroud.podomatic.com/enclosure/2019-04-11T18_43_15-07_00.mp3?_=1555610636.13548457,Book of Mormon: Another Testament of Jesus Christ,,41260,,87941415,,,URL,The Book of Mormon: Another Testament of Jesus Christ,,2019-04-12 01:43:15,Podcast,,3664000,,,,
2023-06-02 01:50:17,CD361699BC818BD1,040 2 Nephi 16,,True,,,True,https://mstroud.podomatic.com/enclosure/2019-04-15T21_31_40-07_00.mp3?_=1556150809.13557628,Book of Mormon: Another Testament of Jesus Christ,,41262,,44500827,,,URL,The Book of Mormon: Another Testament of Jesus Christ,,2019-04-16 04:31:40,Podcast,,1854000,,,,
2023-06-02 01:50:17,97DD7D4A3D228CE0,041 2 Nephi 17,,True,,,True,https://mstroud.podomatic.com/enclosure/2019-04-17T16_45_54-07_00.mp3?_=1556151073.13561372,Book of Mormon: Another Testament of Jesus Christ,,41264,,44562894,,,URL,The Book of Mormon: Another Testament of Jesus Christ,,2019-04-17 23:45:54,Podcast,,1856000,,,,
2023-06-02 01:50:17,D80FDAD2A321B1A8,042 2 Nephi 18,,True,,,True,https://mstroud.podomatic.com/enclosure/2019-04-24T17_09_38-07_00.mp3?_=1556562913.13621630,Book of Mormon: Another Testament of Jesus Christ,,41266,,45432458,,,URL,The Book of Mormon: Another Testament of Jesus Christ,,2019-04-25 00:09:38,Podcast,,1892000,,,,
2023-06-02 01:50:17,1157664B3718C20F,043 2 Nephi 19,,True,,,True,https://mstroud.podomatic.com/enclosure/2019-04-26T09_56_12-07_00.mp3?_=1556563157.13635363,Book of Mormon: Another Testament of Jesus Christ,,41268,,47763417,,,URL,The Book of Mormon: Another Testament of Jesus Christ,,2019-04-26 16:56:12,Podcast,,1990000,,,,
2023-06-02 01:50:17,690C317889D1469E,044 2 Nephi 20,,True,,,True,https://mstroud.podomatic.com/enclosure/2019-04-28T21_21_09-07_00.mp3?_=1557499730.13660795,Book of Mormon: Another Testament of Jesus Christ,,41270,,75635233,,,URL,The Book of Mormon: Another Testament of Jesus Christ,,2019-04-29 04:21:09,Podcast,,3151000,,,,
2023-06-02 01:50:17,F7D0A0FB77546576,045 2 Nephi 21-22,,True,,,True,https://mstroud.podomatic.com/enclosure/2019-05-04T09_20_11-07_00.mp3?_=1557524722.13683048,Book of Mormon: Another Testament of Jesus Christ,,41272,,62778603,,,URL,The Book of Mormon: Another Testament of Jesus Christ,,2019-05-04 16:20:11,Podcast,,2615000,,,,
2023-06-02 01:50:17,F5BD368328DBFCE9,046 2 Nephi 23,,True,,,True,https://mstroud.podomatic.com/enclosure/2019-05-05T20_08_57-07_00.mp3?_=1557499711.13695077,Book of Mormon: Another Testament of Jesus Christ,,41274,,68330770,,,URL,The Book of Mormon: Another Testament of Jesus Christ,,2019-05-06 03:08:57,Podcast,,2847000,,,,
2023-06-02 01:50:17,1C467A606B906922,047 2 Nephi 24,,True,,,True,https://mstroud.podomatic.com/enclosure/2019-05-09T21_14_14-07_00.mp3?_=1558444586.13739925,Book of Mormon: Another Testament of Jesus Christ,,41276,,77815099,,,URL,The Book of Mormon: Another Testament of Jesus Christ,,2019-05-10 04:14:14,Podcast,,3242000,,,,
2023-06-02 01:50:17,904A7A5BAA027C72,048 2 Nephi 25,,True,,,True,https://mstroud.podomatic.com/enclosure/2019-05-15T21_22_00-07_00.mp3?_=1558444682.13801750,Book of Mormon: Another Testament of Jesus Christ,,41278,,88368987,,,URL,The Book of Mormon: Another Testament of Jesus Christ,,2019-05-16 04:22:00,Podcast,,3682000,,,,
2023-06-02 01:50:17,61FA6612091390CA,049 2 Nephi 26,,True,,,True,https://mstroud.podomatic.com/enclosure/2019-05-20T17_33_01-07_00.mp3?_=1559572607.13835523,Book of Mormon: Another Testament of Jesus Christ,,41280,,81174864,,,URL,The Book of Mormon: Another Testament of Jesus Christ,,2019-05-21 00:33:01,Podcast,,3382000,,,,
2023-06-02 01:50:17,3A64D82649DA1906,050 2 Nephi 27,,True,,,True,https://mstroud.podomatic.com/enclosure/2019-05-26T10_48_21-07_00.mp3?_=1559572892.13868555,Book of Mormon: Another Testament of Jesus Christ,,41282,,84597323,,,URL,The Book of Mormon: Another Testament of Jesus Christ,,2019-05-26 17:48:21,Podcast,,3524000,,,,
2023-06-02 01:50:17,711DF27B0464211C,051 2 Nephi 28,,True,,,True,https://mstroud.podomatic.com/enclosure/2019-05-29T21_51_34-07_00.mp3?_=1559572519.13899216,Book of Mormon: Another Testament of Jesus Christ,,41284,,102866946,,,URL,The Book of Mormon: Another Testament of Jesus Christ,,2019-05-30 04:51:34,Podcast,,4286000,,,,
2023-06-02 01:50:17,17BFFBC919458FC7,052 2 Nephi 29,,True,,,True,https://mstroud.podomatic.com/enclosure/2019-06-02T20_35_43-07_00.mp3?_=1559610525.13933421,Book of Mormon: Another Testament of Jesus Christ,,41286,,49301297,,,URL,The Book of Mormon: Another Testament of Jesus Christ,,2019-06-03 03:35:43,Podcast,,2054000,,,,
2023-06-02 01:50:17,E424602DA84AB1B1,053 2 Nephi 30,,True,,,True,https://mstroud.podomatic.com/enclosure/2019-06-05T20_47_20-07_00.mp3?_=1560376781.13957984,Book of Mormon: Another Testament of Jesus Christ,,41288,,59515384,,,URL,The Book of Mormon: Another Testament of Jesus Christ,,2019-06-06 03:47:20,Podcast,,2479000,,,,
2023-06-02 01:50:17,F52E0DDE2FF1B0CD,054 2 Nephi 31 Part 1,,True,,,True,https://mstroud.podomatic.com/enclosure/2019-06-09T21_30_50-07_00.mp3?_=1560219146.13991078,Book of Mormon: Another Testament of Jesus Christ,,41290,,81452598,,,URL,The Book of Mormon: Another Testament of Jesus Christ,,2019-06-10 04:30:50,Podcast,,3393000,,,,
2023-06-02 01:50:17,98C120D6D3768922,055 2 Nephi 31 Part 2,,True,,,True,https://mstroud.podomatic.com/enclosure/2019-06-12T08_08_37-07_00.mp3?_=1561393297.14012181,Book of Mormon: Another Testament of Jesus Christ,,41292,,56548716,,,URL,The Book of Mormon: Another Testament of Jesus Christ,,2019-06-12 15:08:37,Podcast,,2356000,,,,
2023-06-02 01:50:17,EC037AADF5D49344,056 2 Nephi 32,,True,,,True,https://mstroud.podomatic.com/enclosure/2019-06-23T20_35_09-07_00.mp3?_=1561753059.14099792,Book of Mormon: Another Testament of Jesus Christ,,41294,,61705281,,,URL,The Book of Mormon: Another Testament of Jesus Christ,,2019-06-24 03:35:09,Podcast,,2571000,,,,
2023-06-02 01:50:17,43C84A2A490602BE,057 2 Nephi 33,,True,,,True,https://mstroud.podomatic.com/enclosure/2019-06-27T16_13_39-07_00.mp3?_=1564439385.14124749,Book of Mormon: Another Testament of Jesus Christ,,41296,,56974401,,,URL,The Book of Mormon: Another Testament of Jesus Christ,,2019-06-27 23:13:39,Podcast,,2373000,,,,
2023-06-02 01:50:17,666D24641DCCB6DF,058 Jacob 1,,True,,,True,https://mstroud.podomatic.com/enclosure/2019-07-14T10_21_51-07_00.mp3?_=1564931026.14217133,Book of Mormon: Another Testament of Jesus Christ,,41298,,56349967,,,URL,The Book of Mormon: Another Testament of Jesus Christ,,2019-07-14 17:21:51,Podcast,,2347000,,,,
2023-06-02 01:50:17,5CDA58F3D5970D24,059 Jacob 2,,True,,,True,https://mstroud.podomatic.com/enclosure/2019-07-15T13_50_40-07_00.mp3?_=1564931047.14222324,Book of Mormon: Another Testament of Jesus Christ,,41300,,74189510,,,URL,The Book of Mormon: Another Testament of Jesus Christ,,2019-07-15 20:50:40,Podcast,,3091000,,,,
2023-06-02 01:50:17,902957E1B9FBB474,060 Jacob 3,,True,,,True,https://mstroud.podomatic.com/enclosure/2019-07-19T16_53_47-07_00.mp3?_=1564380588.14229682,Book of Mormon: Another Testament of Jesus Christ,,41302,,64256292,,,URL,The Book of Mormon: Another Testament of Jesus Christ,,2019-07-19 23:53:47,Podcast,,10953000,,,,
2023-06-02 01:50:17,107C7C34EABD4D80,061 Jacob 4,,True,,,True,https://mstroud.podomatic.com/enclosure/2019-07-25T20_02_59-07_00.mp3?_=1565717006.14242261,Book of Mormon: Another Testament of Jesus Christ,,41304,,69523831,,,URL,The Book of Mormon: Another Testament of Jesus Christ,,2019-07-26 03:02:59,Podcast,,2896000,,,,
2023-06-02 01:50:17,60A5574C2D02334E,062 Jacob 5 P1,,True,,,True,https://mstroud.podomatic.com/enclosure/2019-07-28T23_03_52-07_00.mp3?_=1565716558.14246830,Book of Mormon: Another Testament of Jesus Christ,,41306,,77439563,,,URL,The Book of Mormon: Another Testament of Jesus Christ,,2019-07-29 06:03:52,Podcast,,3226000,,,,
2023-06-02 01:50:17,891BD1E42CB3A7E6,063 Know the Lord,,True,,,True,https://mstroud.podomatic.com/enclosure/2019-07-30T12_10_29-07_00.mp3?_=1565031089.14250087,Book of Mormon: Another Testament of Jesus Christ,,41308,,33437222,,,URL,The Book of Mormon: Another Testament of Jesus Christ,,2019-07-30 19:10:29,Podcast,,1393000,,,,
2023-06-02 01:50:17,7DF571E78A47E940,064 Jacob 5 P2,,True,,,True,https://mstroud.podomatic.com/enclosure/2019-08-02T10_54_19-07_00.mp3?_=1566408364.14255237,Book of Mormon: Another Testament of Jesus Christ,,41310,,85127713,,,URL,The Book of Mormon: Another Testament of Jesus Christ,,2019-08-02 17:54:19,Podcast,,3546000,,,,
2023-06-02 01:50:17,150D0220E7E16CE4,065 Jacob 5 P3,,True,,,True,https://mstroud.podomatic.com/enclosure/2019-08-07T16_40_40-07_00.mp3?_=1566165283.14263272,Book of Mormon: Another Testament of Jesus Christ,,41312,,47423615,,,URL,The Book of Mormon: Another Testament of Jesus Christ,,2019-08-07 23:40:40,Podcast,,1975000,,,,
2023-06-02 01:50:17,9F371DC5E1755B61,066 Jacob 6,,True,,,True,https://mstroud.podomatic.com/enclosure/2019-08-08T21_29_08-07_00.mp3?_=1566409531.14265682,Book of Mormon: Another Testament of Jesus Christ,,41314,,26213047,,,URL,The Book of Mormon: Another Testament of Jesus Christ,,2019-08-09 04:29:08,Podcast,,1458000,,,,
2023-06-02 01:50:17,5F797DAAD4A418D4,067 Jacob 7,,True,,,True,https://mstroud.podomatic.com/enclosure/2019-08-16T20_05_55-07_00.mp3?_=1567707264.14279203,Book of Mormon: Another Testament of Jesus Christ,,41316,,67996615,,,URL,The Book of Mormon: Another Testament of Jesus Christ,,2019-08-17 03:05:55,Podcast,,3800000,,,,
2023-06-02 01:50:17,87A332EC6E47B3E2,068 Enos,,True,,,True,https://mstroud.podomatic.com/enclosure/2019-08-20T21_03_46-07_00.mp3?_=1569808035.14286434,Book of Mormon: Another Testament of Jesus Christ,,41318,,68402334,,,URL,The Book of Mormon: Another Testament of Jesus Christ,,2019-08-21 04:03:46,Podcast,,3827000,,,,
2023-06-02 01:50:17,247176A4B809F423,069 Jarom,,True,,,True,https://mstroud.podomatic.com/enclosure/2019-08-26T17_34_04-07_00.mp3?_=1569808302.14295914,Book of Mormon: Another Testament of Jesus Christ,,41320,,34786133,,,URL,The Book of Mormon: Another Testament of Jesus Christ,,2019-08-27 00:34:04,Podcast,,1938000,,,,
2023-06-02 01:50:17,255662467A9FD9B4,070 Omni,,True,,,True,https://mstroud.podomatic.com/enclosure/2019-08-30T21_20_53-07_00.mp3?_=1569809486.14303700,Book of Mormon: Another Testament of Jesus Christ,,41322,,45740511,,,URL,The Book of Mormon: Another Testament of Jesus Christ,,2019-08-31 04:20:53,Podcast,,2605000,,,,
2023-06-02 01:50:17,866AA3F5721C4DA9,071 Words of Mormon,,True,,,True,https://mstroud.podomatic.com/enclosure/2019-09-06T10_20_31-07_00.mp3?_=1569809511.14315805,Book of Mormon: Another Testament of Jesus Christ,,41324,,44569294,,,URL,The Book of Mormon: Another Testament of Jesus Christ,,2019-09-06 17:20:31,Podcast,,2461000,,,,
2023-06-02 01:50:17,C8450555E547E881,072 Mosiah 1,,True,,,True,https://mstroud.podomatic.com/enclosure/2019-09-12T15_02_34-07_00.mp3?_=1569809533.14327619,Book of Mormon: Another Testament of Jesus Christ,,41326,,40886142,,,URL,The Book of Mormon: Another Testament of Jesus Christ,,2019-09-12 22:02:34,Podcast,,2299000,,,,
2023-06-02 01:50:17,0583891EC0DB00A2,073 Mosiah 2 Part 1,,True,,,True,https://mstroud.podomatic.com/enclosure/2019-09-15T09_04_44-07_00.mp3?_=1571154529.14331391,Book of Mormon: Another Testament of Jesus Christ,,41328,,47611784,,,URL,The Book of Mormon: Another Testament of Jesus Christ,,2019-09-15 16:04:44,Podcast,,2672000,,,,
2021-12-30 22:58:16,1492E9E6A7AEB255,074 Mosiah 2:22-41,,True,,,True,https://mstroud.podomatic.com/enclosure/2019-10-02T20_21_28-07_00.mp3?_=1571154808.14365430,Book of Mormon: Another Testament of Jesus Christ,,6090,,52838368,,,URL,The Book of Mormon: Another Testament of Jesus Christ,,2019-10-03 03:21:28,Podcast,,2909000,,,,
2021-12-30 22:58:16,4DB2425C21F87CA2,075 Mosiah 3,,True,,,True,https://mstroud.podomatic.com/enclosure/2019-10-09T16_41_18-07_00.mp3?_=1573952466.14378493,Book of Mormon: Another Testament of Jesus Christ,,6092,,60864553,,,URL,The Book of Mormon: Another Testament of Jesus Christ,,2019-10-09 23:41:18,Podcast,,3771000,,,,
2021-12-30 22:58:16,098D97FD6CFF9582,076 Mosiah 4,,True,,,True,https://mstroud.podomatic.com/enclosure/2019-10-13T19_29_56-07_00.mp3?_=1572230581.14385998,Book of Mormon: Another Testament of Jesus Christ,,6094,,67080089,,,URL,The Book of Mormon: Another Testament of Jesus Christ,,2019-10-14 02:29:56,Podcast,,3798000,,,,
2021-12-30 22:58:16,CE448A202EBE6666,077 Mosiah 5,,True,,,True,https://mstroud.podomatic.com/enclosure/2019-10-15T21_24_00-07_00.mp3?_=1577552876.14390414,Book of Mormon: Another Testament of Jesus Christ,,6096,,42645252,,,URL,The Book of Mormon: Another Testament of Jesus Christ,,2019-10-16 04:24:00,Podcast,,2401000,,,,
2021-12-30 22:58:16,5BC9B492814C2BB9,078 Mosiah 6,,True,,,True,https://mstroud.podomatic.com/enclosure/2019-10-20T20_07_07-07_00.mp3?_=1572230803.14399453,Book of Mormon: Another Testament of Jesus Christ,,6098,,27498055,,,URL,The Book of Mormon: Another Testament of Jesus Christ,,2019-10-21 03:07:07,Podcast,,3233000,,,,
2021-12-30 22:58:16,FF0C787A6B415BEA,079 Mosiah 7,,True,,,True,https://mstroud.podomatic.com/enclosure/2019-10-24T20_04_44-07_00.mp3?_=1573951927.14408118,Book of Mormon: Another Testament of Jesus Christ,,6100,,67826139,,,URL,The Book of Mormon: Another Testament of Jesus Christ,,2019-10-25 03:04:44,Podcast,,3863000,,,,
2021-12-30 22:58:16,252FF3F69C2724DF,080 Mosiah 8,,True,,,True,https://mstroud.podomatic.com/enclosure/2019-10-28T17_58_25-07_00.mp3?_=1573952522.14415002,Book of Mormon: Another Testament of Jesus Christ,,6102,,37639843,,,URL,The Book of Mormon: Another Testament of Jesus Christ,,2019-10-29 00:58:25,Podcast,,2111000,,,,
2021-12-30 22:58:16,E04C465E917A94FC,081 Mosiah 9,,True,,,True,https://mstroud.podomatic.com/enclosure/2019-10-31T16_53_19-07_00.mp3?_=1577050941.14420837,Book of Mormon: Another Testament of Jesus Christ,,6104,,33737057,,,URL,The Book of Mormon: Another Testament of Jesus Christ,,2019-10-31 23:53:19,Podcast,,1879000,,,,
2021-12-30 22:58:16,673B41954F8BDEA0,082 Mosiah 10,,True,,,True,https://mstroud.podomatic.com/enclosure/2019-11-04T18_05_34-08_00.mp3?_=1573952366.14428018,Book of Mormon: Another Testament of Jesus Christ,,6106,,31597300,,,URL,The Book of Mormon: Another Testament of Jesus Christ,,2019-11-05 02:05:34,Podcast,,1759000,,,,
2021-12-30 22:58:16,6B590ECFD7BA3BE1,083 Mosiah 11,,True,,,True,https://mstroud.podomatic.com/enclosure/2019-11-10T15_09_12-08_00.mp3?_=1577028027.14439205,Book of Mormon: Another Testament of Jesus Christ,,6108,,58238691,,,URL,The Book of Mormon: Another Testament of Jesus Christ,,2019-11-10 23:09:12,Podcast,,3258000,,,,
2021-12-30 22:58:16,A6A07469595D6FE3,084 Mosiah 12,,True,,,True,https://mstroud.podomatic.com/enclosure/2019-11-13T17_33_15-08_00.mp3?_=1575907294.14445937,Book of Mormon: Another Testament of Jesus Christ,,6110,,40090957,,,URL,The Book of Mormon: Another Testament of Jesus Christ,,2019-11-14 01:33:15,Podcast,,2238000,,,,
2021-12-30 22:58:16,8B7D21C2846E3B76,085 Mosiah 13,,True,,,True,https://mstroud.podomatic.com/enclosure/2019-11-16T16_31_54-08_00.mp3?_=1575907308.14451154,Book of Mormon: Another Testament of Jesus Christ,,6112,,50039540,,,URL,The Book of Mormon: Another Testament of Jesus Christ,,2019-11-17 00:31:54,Podcast,,2842000,,,,
2021-12-30 22:58:16,3A137939D4885E7A,086 Mosiah 14,,True,,,True,https://mstroud.podomatic.com/enclosure/2019-11-21T07_43_33-08_00.mp3?_=1575907454.14460802,Book of Mormon: Another Testament of Jesus Christ,,6114,,26768971,,,URL,The Book of Mormon: Another Testament of Jesus Christ,,2019-11-21 15:43:33,Podcast,,1526000,,,,
2021-12-30 22:58:16,57EB36D4514A05E7,087 Mosiah 15 P1,,True,,,True,https://mstroud.podomatic.com/enclosure/2019-11-25T15_50_16-08_00.mp3?_=1575907548.14468401,Book of Mormon: Another Testament of Jesus Christ,,6116,,43206239,,,URL,The Book of Mormon: Another Testament of Jesus Christ,,2019-11-25 23:50:16,Podcast,,2443000,,,,
2021-12-30 22:58:16,293C1C8BD831B366,088 Mosiah 15 P2,,True,,,True,https://mstroud.podomatic.com/enclosure/2019-11-26T14_01_55-08_00.mp3?_=1575917631.14470080,Book of Mormon: Another Testament of Jesus Christ,,6118,,38079537,,,URL,The Book of Mormon: Another Testament of Jesus Christ,,2019-11-26 22:01:55,Podcast,,2113000,,,,
2021-12-30 22:58:16,FE8B1165AC9E1FCC,089 Mosiah 16,,True,,,True,https://mstroud.podomatic.com/enclosure/2019-12-01T19_11_36-08_00.mp3?_=1577051172.14477845,Book of Mormon: Another Testament of Jesus Christ,,6120,,31269848,,,URL,The Book of Mormon: Another Testament of Jesus Christ,,2019-12-02 03:11:36,Podcast,,1740000,,,,
2021-12-30 22:58:16,4516D633C1BBB80D,090 Mosiah 17,,True,,,True,https://mstroud.podomatic.com/enclosure/2019-12-03T14_09_52-08_00.mp3?_=1576510553.14481375,Book of Mormon: Another Testament of Jesus Christ,,6122,,30673341,,,URL,The Book of Mormon: Another Testament of Jesus Christ,,2019-12-03 22:09:52,Podcast,,1699000,,,,
2021-12-30 22:58:16,C63C060A848F8523,091 Mosiah 18,,True,,,True,https://mstroud.podomatic.com/enclosure/2019-12-05T19_09_08-08_00.mp3?_=1576511324.14485840,Book of Mormon: Another Testament of Jesus Christ,,6124,,52426491,,,URL,The Book of Mormon: Another Testament of Jesus Christ,,2019-12-06 03:09:08,Podcast,,2945000,,,,
2021-12-30 22:58:16,D51CAC682AAA54DC,092 Mosiah 19,,True,,,True,https://mstroud.podomatic.com/enclosure/2019-12-08T18_48_48-08_00.mp3?_=1577552971.14490775,Book of Mormon: Another Testament of Jesus Christ,,6126,,30937923,,,URL,The Book of Mormon: Another Testament of Jesus Christ,,2019-12-09 02:48:48,Podcast,,1754000,,,,
2021-12-30 22:58:16,D96419BEBEB5684C,093 Mosiah 20,,True,,,True,https://mstroud.podomatic.com/enclosure/2019-12-10T15_26_49-08_00.mp3?_=1577051540.14494678,Book of Mormon: Another Testament of Jesus Christ,,6128,,27598547,,,URL,The Book of Mormon: Another Testament of Jesus Christ,,2019-12-10 23:26:49,Podcast,,1674000,,,,
2021-12-30 22:58:16,B5A5BCB7572060C8,094 Mosiah 21,,True,,,True,https://mstroud.podomatic.com/enclosure/2019-12-12T15_53_43-08_00.mp3?_=1577051190.14498347,Book of Mormon: Another Testament of Jesus Christ,,6130,,42955770,,,URL,The Book of Mormon: Another Testament of Jesus Christ,,2019-12-12 23:53:43,Podcast,,2416000,,,,
2021-12-30 22:58:16,9A661918BFB3EE43,095 Mosiah 22,,True,,,True,https://mstroud.podomatic.com/enclosure/2019-12-15T16_34_09-08_00.mp3?_=1577051077.14503163,Book of Mormon: Another Testament of Jesus Christ,,6132,,27286183,,,URL,The Book of Mormon: Another Testament of Jesus Christ,,2019-12-16 00:34:09,Podcast,,1502000,,,,
2021-12-30 22:58:16,F93D237DA98BB04C,096 Mosiah 23,,True,,,True,https://mstroud.podomatic.com/enclosure/2019-12-17T19_50_36-08_00.mp3?_=1577051525.14507485,Book of Mormon: Another Testament of Jesus Christ,,6134,,47278372,,,URL,The Book of Mormon: Another Testament of Jesus Christ,,2019-12-18 03:50:36,Podcast,,2681000,,,,
2021-12-30 22:58:16,D3398C9B6F0F6F99,097 Mosiah 24,,True,,,True,https://mstroud.podomatic.com/enclosure/2019-12-19T15_18_18-08_00.mp3?_=1580271048.14511020,Book of Mormon: Another Testament of Jesus Christ,,6136,,36536094,,,URL,The Book of Mormon: Another Testament of Jesus Christ,,2019-12-19 23:18:18,Podcast,,2019000,,,,
2021-12-30 22:58:16,4C084874FBE4B19C,098 Mosiah 25,,True,,,True,https://mstroud.podomatic.com/enclosure/2019-12-27T14_09_31-08_00.mp3?_=1580271130.14522536,Book of Mormon: Another Testament of Jesus Christ,,6138,,26371581,,,URL,The Book of Mormon: Another Testament of Jesus Christ,,2019-12-27 22:09:31,Podcast,,1476000,,,,
2021-12-30 22:58:16,D537E71507CC0419,099 Mosiah 26,,True,,,True,https://mstroud.podomatic.com/enclosure/2019-12-30T06_22_19-08_00.mp3?_=1578961541.14525880,Book of Mormon: Another Testament of Jesus Christ,,6140,,60958236,,,URL,The Book of Mormon: Another Testament of Jesus Christ,,2019-12-30 14:22:19,Podcast,,3434000,,,,
2021-12-30 22:58:16,C21331CC24EFC244,0100 Mosiah 27 Part 1,,True,,,True,https://mstroud.podomatic.com/enclosure/2019-12-31T15_37_51-08_00.mp3?_=1578962204.14528235,Book of Mormon: Another Testament of Jesus Christ,,6142,,50688788,,,URL,The Book of Mormon: Another Testament of Jesus Christ,,2019-12-31 23:37:51,Podcast,,2845000,,,,
2021-12-30 22:58:16,E45A7F246F87675F,0101 Mosiah 27 Part 2,,True,,,True,https://mstroud.podomatic.com/enclosure/2020-01-01T11_04_24-08_00.mp3?_=1579310502.14529091,Book of Mormon: Another Testament of Jesus Christ,,6144,,24186354,,,URL,The Book of Mormon: Another Testament of Jesus Christ,,2020-01-01 19:04:24,Podcast,,1345000,,,,
2021-12-30 22:58:16,B6C12E2B187B35D0,0102 Mosiah 28,,True,,,True,https://mstroud.podomatic.com/enclosure/2020-01-02T19_03_38-08_00.mp3?_=1579310600.14531146,Book of Mormon: Another Testament of Jesus Christ,,6146,,24117382,,,URL,The Book of Mormon: Another Testament of Jesus Christ,,2020-01-03 03:03:38,Podcast,,1311000,,,,
2021-12-30 22:58:16,091AABF7F0721E32,0103 Mosiah 29,,True,,,True,https://mstroud.podomatic.com/enclosure/2020-01-06T13_49_49-08_00.mp3?_=1579312758.14536667,Book of Mormon: Another Testament of Jesus Christ,,6148,,55006674,,,URL,The Book of Mormon: Another Testament of Jesus Christ,,2020-01-06 21:49:49,Podcast,,3092000,,,,
2021-12-30 22:58:16,CD2D14246290B677,0104 Alma 1,,True,,,True,https://mstroud.podomatic.com/enclosure/2020-01-07T17_33_20-08_00.mp3?_=1579537127.14538831,Book of Mormon: Another Testament of Jesus Christ,,6150,,56796636,,,URL,The Book of Mormon: Another Testament of Jesus Christ,,2020-01-08 01:33:20,Podcast,,3145000,,,,
2021-12-30 22:58:16,45AFFE0789649107,0105 Alma 2,,True,,,True,https://mstroud.podomatic.com/enclosure/2020-01-10T04_29_30-08_00.mp3?_=1579537287.14543204,Book of Mormon: Another Testament of Jesus Christ,,6152,,41563856,,,URL,The Book of Mormon: Another Testament of Jesus Christ,,2020-01-10 12:29:30,Podcast,,2372000,,,,
2021-12-30 22:58:16,50E52D497C838989,0106 Alma 3,,True,,,True,https://mstroud.podomatic.com/enclosure/2020-01-12T16_57_51-08_00.mp3?_=1579537442.14547001,Book of Mormon: Another Testament of Jesus Christ,,6154,,35831565,,,URL,The Book of Mormon: Another Testament of Jesus Christ,,2020-01-13 00:57:51,Podcast,,2007000,,,,
2021-12-30 22:58:16,90E2284B2C6B7D9A,0107 Alma 4,,True,,,True,https://mstroud.podomatic.com/enclosure/2020-01-14T21_35_19-08_00.mp3?_=1579713263.14551083,Book of Mormon: Another Testament of Jesus Christ,,6156,,39022063,,,URL,The Book of Mormon: Another Testament of Jesus Christ,,2020-01-15 05:35:19,Podcast,,2165000,,,,
2021-12-30 22:58:16,05E92A8D701CBA93,0108 Alma 5 Part 1,,True,,,True,https://mstroud.podomatic.com/enclosure/2020-01-17T17_00_44-08_00.mp3?_=1580314337.14556342,Book of Mormon: Another Testament of Jesus Christ,,6158,,56013065,,,URL,The Book of Mormon: Another Testament of Jesus Christ,,2020-01-18 01:00:44,Podcast,,3129000,,,,
2021-12-30 22:58:16,7872DC1C69E64711,0109 Alma 5 Part 2,,True,,,True,https://mstroud.podomatic.com/enclosure/2020-01-19T19_17_02-08_00.mp3?_=1580783671.14559440,Book of Mormon: Another Testament of Jesus Christ,,6160,,51733976,,,URL,The Book of Mormon: Another Testament of Jesus Christ,,2020-01-20 03:17:02,Podcast,,2882000,,,,
2021-12-30 22:58:16,5A3DFC82A8B43642,0110 Alma 6,,True,,,True,https://mstroud.podomatic.com/enclosure/2020-01-20T19_06_19-08_00.mp3?_=1580783694.14561531,Book of Mormon: Another Testament of Jesus Christ,,6162,,16364316,,,URL,The Book of Mormon: Another Testament of Jesus Christ,,2020-01-21 03:06:19,Podcast,,901000,,,,
2021-12-30 22:58:16,F44E46E9994D245B,0111 Alma 7,,True,,,True,https://mstroud.podomatic.com/enclosure/2020-01-21T17_10_01-08_00.mp3?_=1580783564.14563306,Book of Mormon: Another Testament of Jesus Christ,,6164,,48460311,,,URL,The Book of Mormon: Another Testament of Jesus Christ,,2020-01-22 01:10:01,Podcast,,2713000,,,,
2021-12-30 22:58:16,3FEB6FE02DC54ED2,0112 Alma 8,,True,,,True,https://mstroud.podomatic.com/enclosure/2020-01-24T18_07_30-08_00.mp3?_=1580823388.14569254,Book of Mormon: Another Testament of Jesus Christ,,6166,,40794493,,,URL,The Book of Mormon: Another Testament of Jesus Christ,,2020-01-25 02:07:30,Podcast,,2454000,,,,
2021-12-30 22:58:16,DBB46CE622C6E414,0113 Alma 9,,True,,,True,https://mstroud.podomatic.com/enclosure/2020-01-29T14_08_43-08_00.mp3?_=1580783882.14578305,Book of Mormon: Another Testament of Jesus Christ,,6168,,32028476,,,URL,The Book of Mormon: Another Testament of Jesus Christ,,2020-01-29 22:08:43,Podcast,,1457000,,,,
2021-12-30 22:58:16,2DD85367701860B4,0114 Alma 10,,True,,,True,https://mstroud.podomatic.com/enclosure/2020-01-30T18_04_21-08_00.mp3?_=1581307327.14580486,Book of Mormon: Another Testament of Jesus Christ,,6170,,47645999,,,URL,The Book of Mormon: Another Testament of Jesus Christ,,2020-01-31 02:04:21,Podcast,,2649000,,,,
2021-12-30 22:58:16,E9ED95CFDF1759B5,0115 Alma 11,,True,,,True,https://mstroud.podomatic.com/enclosure/2020-01-31T14_07_18-08_00.mp3?_=1581306515.14582156,Book of Mormon: Another Testament of Jesus Christ,,6172,,48780633,,,URL,The Book of Mormon: Another Testament of Jesus Christ,,2020-01-31 22:07:18,Podcast,,2747000,,,,
2021-12-30 22:58:16,473047C521E131A5,0116 Alma 12,,True,,,True,https://mstroud.podomatic.com/enclosure/2020-02-04T17_17_21-08_00.mp3?_=1581514601.14589520,Book of Mormon: Another Testament of Jesus Christ,,6174,,69657309,,,URL,The Book of Mormon: Another Testament of Jesus Christ,,2020-02-05 01:17:21,Podcast,,3925000,,,,
2021-12-30 22:58:16,45386C861334BE9D,0117 Alma 13,,True,,,True,https://mstroud.podomatic.com/enclosure/2020-02-06T19_21_43-08_00.mp3?_=1581643984.14593633,Book of Mormon: Another Testament of Jesus Christ,,6176,,68460571,,,URL,The Book of Mormon: Another Testament of Jesus Christ,,2020-02-07 03:21:43,Podcast,,3901000,,,,
2021-12-30 22:58:16,BAB51451870797B9,0118 Alma 14,,True,,,True,https://mstroud.podomatic.com/enclosure/2020-02-10T17_37_27-08_00.mp3?_=1582056374.14600956,Book of Mormon: Another Testament of Jesus Christ,,6178,,46604825,,,URL,The Book of Mormon: Another Testament of Jesus Christ,,2020-02-11 01:37:27,Podcast,,2710000,,,,
2021-12-30 22:58:16,B8414AA799E7D29A,0119 Alma 15,,True,,,True,https://mstroud.podomatic.com/enclosure/2020-02-11T19_46_15-08_00.mp3?_=1582059999.14603422,Book of Mormon: Another Testament of Jesus Christ,,6180,,28465122,,,URL,The Book of Mormon: Another Testament of Jesus Christ,,2020-02-12 03:46:15,Podcast,,1579000,,,,
2021-12-30 22:58:16,AC923CC97FCDB4D4,0120 Alma 16,,True,,,True,https://mstroud.podomatic.com/enclosure/2020-02-13T16_04_18-08_00.mp3?_=1582060078.14607482,Book of Mormon: Another Testament of Jesus Christ,,6182,,41856103,,,URL,The Book of Mormon: Another Testament of Jesus Christ,,2020-02-14 00:04:18,Podcast,,2308000,,,,
2021-12-30 22:58:16,C16DE290139BC4B1,0121 Alma 17,,True,,,True,https://mstroud.podomatic.com/enclosure/2020-02-20T19_09_47-08_00.mp3?_=1582892287.14620906,Book of Mormon: Another Testament of Jesus Christ,,6184,,46497754,,,URL,The Book of Mormon: Another Testament of Jesus Christ,,2020-02-21 03:09:47,Podcast,,2728000,,,,
2021-12-30 22:58:16,7B64DDFB048B54E6,0122 Alma 18,,True,,,True,https://mstroud.podomatic.com/enclosure/2020-02-22T19_18_52-08_00.mp3?_=1582997094.14623938,Book of Mormon: Another Testament of Jesus Christ,,6186,,51129582,,,URL,The Book of Mormon: Another Testament of Jesus Christ,,2020-02-23 03:18:52,Podcast,,2867000,,,,
2021-12-30 22:58:16,21AD1A719F4C6240,0123 Alma 19,,True,,,True,https://mstroud.podomatic.com/enclosure/2020-02-23T17_49_14-08_00.mp3?_=1583022103.14625693,Book of Mormon: Another Testament of Jesus Christ,,6188,,42594303,,,URL,The Book of Mormon: Another Testament of Jesus Christ,,2020-02-24 01:49:14,Podcast,,2347000,,,,
2021-12-30 22:58:16,DBB34F31385D69DE,0124 Alma 20,,True,,,True,https://mstroud.podomatic.com/enclosure/2020-02-25T20_21_51-08_00.mp3?_=1583526700.14630382,Book of Mormon: Another Testament of Jesus Christ,,6190,,33696003,,,URL,The Book of Mormon: Another Testament of Jesus Christ,,2020-02-26 04:21:51,Podcast,,1938000,,,,
2021-12-30 22:58:16,EBC06A6B26C1EDEC,0125 Alma 21,,True,,,True,https://mstroud.podomatic.com/enclosure/2020-02-27T17_40_18-08_00.mp3?_=1583342228.14634320,Book of Mormon: Another Testament of Jesus Christ,,6192,,36621054,,,URL,The Book of Mormon: Another Testament of Jesus Christ,,2020-02-28 01:40:18,Podcast,,2016000,,,,
2021-12-30 22:58:16,DBEC383107B233EA,0126 Alma 22,,True,,,True,https://mstroud.podomatic.com/enclosure/2020-03-01T18_55_30-08_00.mp3?_=1583117785.14639620,Book of Mormon: Another Testament of Jesus Christ,,6194,,29823899,,,URL,The Book of Mormon: Another Testament of Jesus Christ,,2020-03-02 02:55:30,Podcast,,2485000,,,,
2021-12-30 22:58:16,B927C7788E38BDBB,0127 Alma 23,,True,,,True,https://mstroud.podomatic.com/enclosure/2020-03-04T15_18_07-08_00.mp3?_=1584499242.14646304,Book of Mormon: Another Testament of Jesus Christ,,6196,,24174030,,,URL,The Book of Mormon: Another Testament of Jesus Christ,,2020-03-04 23:18:07,Podcast,,1323000,,,,
2021-12-30 22:58:16,DF8F046F0AFB220D,0128 Alma 24,,True,,,True,https://mstroud.podomatic.com/enclosure/2020-03-05T21_04_32-08_00.mp3?_=1583726352.14648749,Book of Mormon: Another Testament of Jesus Christ,,6198,,43222660,,,URL,The Book of Mormon: Another Testament of Jesus Christ,,2020-03-06 05:04:32,Podcast,,2645000,,,,
2021-12-30 22:58:16,7D1C91C1E3489D05,0129 Alma 25,,True,,,True,https://mstroud.podomatic.com/enclosure/2020-03-08T16_58_30-07_00.mp3?_=1584124916.14653570,Book of Mormon: Another Testament of Jesus Christ,,6200,,22882482,,,URL,The Book of Mormon: Another Testament of Jesus Christ,,2020-03-08 23:58:30,Podcast,,1341000,,,,
2021-12-30 22:58:16,2140CEA393FA5C1C,0130 Alma 26,,True,,,True,https://mstroud.podomatic.com/enclosure/2020-03-12T07_31_01-07_00.mp3?_=1584899456.14661127,Book of Mormon: Another Testament of Jesus Christ,,6202,,54905662,,,URL,The Book of Mormon: Another Testament of Jesus Christ,,2020-03-12 14:31:01,Podcast,,3093000,,,,
2021-12-30 22:58:16,1DD5ACCE88075F2E,0131 Alma 27,,True,,,True,https://mstroud.podomatic.com/enclosure/2020-03-15T18_55_12-07_00.mp3?_=1585972245.14667903,Book of Mormon: Another Testament of Jesus Christ,,6204,,38444610,,,URL,The Book of Mormon: Another Testament of Jesus Christ,,2020-03-16 01:55:12,Podcast,,2094000,,,,
2021-12-30 22:58:16,7CF9D361A39E1D43,0132 Alma 28,,True,,,True,https://mstroud.podomatic.com/enclosure/2020-03-16T11_28_38-07_00.mp3?_=1585151139.14669424,Book of Mormon: Another Testament of Jesus Christ,,6206,,21950891,,,URL,The Book of Mormon: Another Testament of Jesus Christ,,2020-03-16 18:28:38,Podcast,,1199000,,,,
2021-12-30 22:58:16,B69D648714186171,0133 Alma 29,,True,,,True,https://mstroud.podomatic.com/enclosure/2020-03-18T19_22_21-07_00.mp3?_=1585689768.14674799,Book of Mormon: Another Testament of Jesus Christ,,6208,,38620936,,,URL,The Book of Mormon: Another Testament of Jesus Christ,,2020-03-19 02:22:21,Podcast,,2130000,,,,
2021-12-30 22:58:16,74D3283FC6262509,0134 Alma 30,,True,,,True,https://mstroud.podomatic.com/enclosure/2020-03-19T21_25_45-07_00.mp3?_=1586029991.14677591,Book of Mormon: Another Testament of Jesus Christ,,6210,,67982768,,,URL,The Book of Mormon: Another Testament of Jesus Christ,,2020-03-20 04:25:45,Podcast,,3805000,,,,
2021-12-30 22:58:16,6E342E3C2A557401,0135 Alma 31,,True,,,True,https://mstroud.podomatic.com/enclosure/2020-03-22T21_55_52-07_00.mp3?_=1586317917.14685419,Book of Mormon: Another Testament of Jesus Christ,,6212,,54375701,,,URL,The Book of Mormon: Another Testament of Jesus Christ,,2020-03-23 04:55:52,Podcast,,3001000,,,,
2021-12-30 22:58:16,E50576803EA10AD5,0136 Alma 32,,True,,,True,https://mstroud.podomatic.com/enclosure/2020-03-24T18_09_43-07_00.mp3?_=1589164175.14690520,Book of Mormon: Another Testament of Jesus Christ,,6214,,55547272,,,URL,The Book of Mormon: Another Testament of Jesus Christ,,2020-03-25 01:09:43,Podcast,,3097000,,,,
2021-12-30 22:58:16,E9E3C0141A3F8149,0137 Alma 33,,True,,,True,https://mstroud.podomatic.com/enclosure/2020-03-26T19_00_41-07_00.mp3?_=1586454325.14696242,Book of Mormon: Another Testament of Jesus Christ,,6216,,29347889,,,URL,The Book of Mormon: Another Testament of Jesus Christ,,2020-03-27 02:00:41,Podcast,,1670000,,,,
2021-12-30 22:58:16,539B35D7A5E85FA6,0138 Alma 34,,True,,,True,https://mstroud.podomatic.com/enclosure/2020-03-29T21_29_42-07_00.mp3?_=1586836459.14703883,Book of Mormon: Another Testament of Jesus Christ,,6218,,60777621,,,URL,The Book of Mormon: Another Testament of Jesus Christ,,2020-03-30 04:29:42,Podcast,,3369000,,,,
2021-12-30 22:58:16,4C12B400F1126D84,0139 Alma 35,,True,,,True,https://mstroud.podomatic.com/enclosure/2020-03-31T15_34_18-07_00.mp3?_=1587255597.14708968,Book of Mormon: Another Testament of Jesus Christ,,6220,,37090832,,,URL,The Book of Mormon: Another Testament of Jesus Christ,,2020-03-31 22:34:18,Podcast,,2060000,,,,
2021-12-30 22:58:16,93B5CF8DAECF979D,0140 Alma 36,,True,,,True,https://mstroud.podomatic.com/enclosure/2020-04-02T21_13_54-07_00.mp3?_=1587526154.14714563,Book of Mormon: Another Testament of Jesus Christ,,6222,,36848096,,,URL,The Book of Mormon: Another Testament of Jesus Christ,,2020-04-03 04:13:54,Podcast,,2251000,,,,
2021-12-30 22:58:16,0A51D05A166332D8,0141 Alma 37 Corrected,,True,,,True,https://mstroud.podomatic.com/enclosure/2020-04-07T18_25_40-07_00.mp3?_=1587519650.14727867,Book of Mormon: Another Testament of Jesus Christ,,6224,,44615748,,,URL,The Book of Mormon: Another Testament of Jesus Christ,,2020-04-08 01:25:40,Podcast,,2537000,,,,
2021-12-30 22:58:16,9AD94F061304896E,0142 Alma 38,,True,,,True,https://mstroud.podomatic.com/enclosure/2020-04-09T18_23_53-07_00.mp3?_=1587997096.14733319,Book of Mormon: Another Testament of Jesus Christ,,6226,,24745763,,,URL,The Book of Mormon: Another Testament of Jesus Christ,,2020-04-10 01:23:53,Podcast,,1436000,,,,
2021-12-30 22:58:16,8147F88313E38AAC,0143 Alma 39,,True,,,True,https://mstroud.podomatic.com/enclosure/2020-04-12T17_16_59-07_00.mp3?_=1588025929.14741286,Book of Mormon: Another Testament of Jesus Christ,,6228,,33545071,,,URL,The Book of Mormon: Another Testament of Jesus Christ,,2020-04-13 00:16:59,Podcast,,1937000,,,,
2021-12-30 22:58:16,7540BE61F93C2A2F,0144 Alma 40,,True,,,True,https://mstroud.podomatic.com/enclosure/2020-04-14T18_05_18-07_00.mp3?_=1588026151.14746029,Book of Mormon: Another Testament of Jesus Christ,,6230,,44272740,,,URL,The Book of Mormon: Another Testament of Jesus Christ,,2020-04-15 01:05:18,Podcast,,2722000,,,,
2021-12-30 22:58:16,1273153BD1A9BC99,0145 Alma 41 Corrected,,True,,,True,https://mstroud.podomatic.com/enclosure/2020-04-17T08_49_27-07_00.mp3?_=1588465095.14752902,Book of Mormon: Another Testament of Jesus Christ,,6232,,33023149,,,URL,The Book of Mormon: Another Testament of Jesus Christ,,2020-04-17 15:49:27,Podcast,,1791000,,,,
2021-12-30 22:58:16,7920682670B0856E,0146 Alma 42,,True,,,True,https://mstroud.podomatic.com/enclosure/2020-04-19T09_44_59-07_00.mp3?_=1588558073.14757407,Book of Mormon: Another Testament of Jesus Christ,,6234,,52034305,,,URL,The Book of Mormon: Another Testament of Jesus Christ,,2020-04-19 16:44:59,Podcast,,3141000,,,,
2021-12-30 22:58:16,3D8D1978E8256CE7,0147 Alma 43,,True,,,True,https://mstroud.podomatic.com/enclosure/2020-04-21T13_26_09-07_00.mp3?_=1588465340.14763897,Book of Mormon: Another Testament of Jesus Christ,,6236,,50446753,,,URL,The Book of Mormon: Another Testament of Jesus Christ,,2020-04-21 20:26:09,Podcast,,3841000,,,,
2021-12-30 22:58:16,B51EEAD2E0CB1ADA,0148 Alma 44,,True,,,True,https://mstroud.podomatic.com/enclosure/2020-04-24T15_25_17-07_00.mp3?_=1588733213.14771982,Book of Mormon: Another Testament of Jesus Christ,,6238,,30263475,,,URL,The Book of Mormon: Another Testament of Jesus Christ,,2020-04-24 22:25:17,Podcast,,2446000,,,,
2021-12-30 22:58:16,5A532F2BEF90EF85,0149 Alma 45,,True,,,True,https://mstroud.podomatic.com/enclosure/2020-04-26T19_43_52-07_00.mp3?_=1589125373.14777078,Book of Mormon: Another Testament of Jesus Christ,,6240,,23299916,,,URL,The Book of Mormon: Another Testament of Jesus Christ,,2020-04-27 02:43:52,Podcast,,1821000,,,,
2021-12-30 22:58:16,6A89F6E4B5719866,0150 Alma 46,,True,,,True,https://mstroud.podomatic.com/enclosure/2020-04-28T17_59_11-07_00.mp3?_=1589125656.14782004,Book of Mormon: Another Testament of Jesus Christ,,6242,,44622552,,,URL,The Book of Mormon: Another Testament of Jesus Christ,,2020-04-29 00:59:11,Podcast,,3816000,,,,
2021-12-30 22:58:16,91B79BCCFFCC682D,0151 Alma 47,,True,,,True,https://mstroud.podomatic.com/enclosure/2020-05-02T13_40_18-07_00.mp3?_=1589141661.14791416,Book of Mormon: Another Testament of Jesus Christ,,6244,,37924545,,,URL,The Book of Mormon: Another Testament of Jesus Christ,,2020-05-02 20:40:18,Podcast,,3079000,,,,
2021-12-30 22:58:16,775BE2DDA4F10D10,0152 Alma 48,,True,,,True,https://mstroud.podomatic.com/enclosure/2020-05-03T17_12_55-07_00.mp3?_=1589515063.14794010,Book of Mormon: Another Testament of Jesus Christ,,6246,,26597822,,,URL,The Book of Mormon: Another Testament of Jesus Christ,,2020-05-04 00:12:55,Podcast,,2152000,,,,
2021-12-30 22:58:16,4980F4AA13C5D521,0153 Alma 49,,True,,,True,https://mstroud.podomatic.com/enclosure/2020-05-05T12_50_09-07_00.mp3?_=1589515526.14798642,Book of Mormon: Another Testament of Jesus Christ,,6248,,32065535,,,URL,The Book of Mormon: Another Testament of Jesus Christ,,2020-05-05 19:50:09,Podcast,,2583000,,,,
2021-12-30 22:58:16,FAF247EBB18F58C3,0154 Alma 50,,True,,,True,https://mstroud.podomatic.com/enclosure/2020-05-08T20_29_51-07_00.mp3?_=1589761227.14806926,Book of Mormon: Another Testament of Jesus Christ,,6250,,35661817,,,URL,The Book of Mormon: Another Testament of Jesus Christ,,2020-05-09 03:29:51,Podcast,,2872000,,,,
2021-12-30 22:58:16,6EC9761CBF3A64C2,0155 Alma 51,,True,,,True,https://mstroud.podomatic.com/enclosure/2020-05-11T10_53_04-07_00.mp3?_=1589761306.14812613,Book of Mormon: Another Testament of Jesus Christ,,6252,,34880036,,,URL,The Book of Mormon: Another Testament of Jesus Christ,,2020-05-11 17:53:04,Podcast,,2790000,,,,
2021-12-30 22:58:16,7C01562221DCA4B9,0156 Alma 52,,True,,,True,https://mstroud.podomatic.com/enclosure/2020-05-12T15_40_17-07_00.mp3?_=1589777368.14815469,Book of Mormon: Another Testament of Jesus Christ,,6254,,33884686,,,URL,The Book of Mormon: Another Testament of Jesus Christ,,2020-05-12 22:40:17,Podcast,,2515000,,,,
2021-12-30 22:58:16,7438AB3D5923B172,0157 Alma 53,,True,,,True,https://mstroud.podomatic.com/enclosure/2020-05-14T16_44_53-07_00.mp3?_=1590182047.14820276,Book of Mormon: Another Testament of Jesus Christ,,6256,,23404526,,,URL,The Book of Mormon: Another Testament of Jesus Christ,,2020-05-14 23:44:53,Podcast,,1799000,,,,
2021-12-30 22:58:16,D3E569804735835F,0158 Alma 54,,True,,,True,https://mstroud.podomatic.com/enclosure/2020-05-17T17_10_23-07_00.mp3?_=1590371127.14826883,Book of Mormon: Another Testament of Jesus Christ,,6258,,22644395,,,URL,The Book of Mormon: Another Testament of Jesus Christ,,2020-05-18 00:10:23,Podcast,,1796000,,,,
2021-12-30 22:58:16,DBDBB686AE8E04A2,0159 Alma 55,,True,,,True,https://mstroud.podomatic.com/enclosure/2020-05-19T12_13_49-07_00.mp3?_=1591658597.14832011,Book of Mormon: Another Testament of Jesus Christ,,6260,,25425613,,,URL,The Book of Mormon: Another Testament of Jesus Christ,,2020-05-19 19:13:49,Podcast,,1961000,,,,
2021-12-30 22:58:16,1B11E13FAADF54F9,0160 Alma 56,,True,,,True,https://mstroud.podomatic.com/enclosure/2020-05-21T20_26_26-07_00.mp3?_=1590969762.14837936,Book of Mormon: Another Testament of Jesus Christ,,6262,,41179583,,,URL,The Book of Mormon: Another Testament of Jesus Christ,,2020-05-22 03:26:26,Podcast,,3279000,,,,
2021-12-30 22:58:16,8B1F260957B2F83C,0161 Alma 57,,True,,,True,https://mstroud.podomatic.com/enclosure/2020-05-24T18_40_54-07_00.mp3?_=1591658287.14844672,Book of Mormon: Another Testament of Jesus Christ,,6264,,26966090,,,URL,The Book of Mormon: Another Testament of Jesus Christ,,2020-05-25 01:40:54,Podcast,,2038000,,,,
2021-12-30 22:58:16,64F53BCEFDA89E6F,0162 Alma 58,,True,,,True,https://mstroud.podomatic.com/enclosure/2020-05-26T13_00_31-07_00.mp3?_=1592363368.14848543,Book of Mormon: Another Testament of Jesus Christ,,6266,,36373888,,,URL,The Book of Mormon: Another Testament of Jesus Christ,,2020-05-26 20:00:31,Podcast,,2735000,,,,
2021-12-30 22:58:16,7CC50198437F92FC,0163 Alma 59,,True,,,True,https://mstroud.podomatic.com/enclosure/2020-05-28T13_08_23-07_00.mp3?_=1592795192.14853166,Book of Mormon: Another Testament of Jesus Christ,,6268,,18976904,,,URL,The Book of Mormon: Another Testament of Jesus Christ,,2020-05-28 20:08:23,Podcast,,1423000,,,,
2021-12-30 22:58:16,8AE241E21E1F60F3,0164 Alma 60,,True,,,True,https://mstroud.podomatic.com/enclosure/2020-06-01T10_08_50-07_00.mp3?_=1592795225.14861347,Book of Mormon: Another Testament of Jesus Christ,,6270,,40238215,,,URL,The Book of Mormon: Another Testament of Jesus Christ,,2020-06-01 17:08:50,Podcast,,3285000,,,,
2021-12-30 22:58:16,B8A0125FFD226177,0165 Alma 61,,True,,,True,https://mstroud.podomatic.com/enclosure/2020-06-02T14_54_18-07_00.mp3?_=1592878910.14864136,Book of Mormon: Another Testament of Jesus Christ,,6272,,23440392,,,URL,The Book of Mormon: Another Testament of Jesus Christ,,2020-06-02 21:54:18,Podcast,,3397000,,,,
2021-12-30 22:58:16,06104217D139CDB3,0166 Alma 62,,True,,,True,https://mstroud.podomatic.com/enclosure/2020-06-05T13_12_27-07_00.mp3?_=1592838294.14871127,Book of Mormon: Another Testament of Jesus Christ,,6274,,43334007,,,URL,The Book of Mormon: Another Testament of Jesus Christ,,2020-06-05 20:12:27,Podcast,,3469000,,,,
2021-12-30 22:58:16,304DBC0E511D3F93,0167 Alma 63,,True,,,True,https://mstroud.podomatic.com/enclosure/2020-06-08T09_54_04-07_00.mp3?_=1592838307.14877306,Book of Mormon: Another Testament of Jesus Christ,,6276,,26828488,,,URL,The Book of Mormon: Another Testament of Jesus Christ,,2020-06-08 16:54:04,Podcast,,1952000,,,,
2021-12-30 22:58:16,50361136BC05A352,0168 Helaman 1,,True,,,True,https://mstroud.podomatic.com/enclosure/2020-06-10T20_47_34-07_00.mp3?_=1592869690.14882952,Book of Mormon: Another Testament of Jesus Christ,,6278,,32592260,,,URL,The Book of Mormon: Another Testament of Jesus Christ,,2020-06-11 03:47:34,Podcast,,2754000,,,,
2021-12-30 22:58:16,9594E8B8898C7603,0169 Helaman 2,,True,,,True,https://mstroud.podomatic.com/enclosure/2020-06-13T14_02_54-07_00.mp3?_=1592878166.14888708,Book of Mormon: Another Testament of Jesus Christ,,6280,,19460252,,,URL,The Book of Mormon: Another Testament of Jesus Christ,,2020-06-13 21:02:54,Podcast,,1491000,,,,
2021-12-30 22:58:16,4FE9E43EFEDC74F1,0170 Helaman 3,,True,,,True,https://mstroud.podomatic.com/enclosure/2020-06-14T21_01_30-07_00.mp3?_=1592877772.14891110,Book of Mormon: Another Testament of Jesus Christ,,6282,,31971827,,,URL,The Book of Mormon: Another Testament of Jesus Christ,,2020-06-15 04:01:30,Podcast,,2449000,,,,
2021-12-30 22:58:16,32FD6701EFCCBAB3,0171 Helaman 4,,True,,,True,https://mstroud.podomatic.com/enclosure/2020-06-16T20_03_14-07_00.mp3?_=1593786883.14895385,Book of Mormon: Another Testament of Jesus Christ,,6284,,23497663,,,URL,The Book of Mormon: Another Testament of Jesus Christ,,2020-06-17 03:03:14,Podcast,,1800000,,,,
2021-12-30 22:58:16,9F53FEB32824755A,0172 Helaman 5,,True,,,True,https://mstroud.podomatic.com/enclosure/2020-06-19T16_08_02-07_00.mp3?_=1593787023.14901263,Book of Mormon: Another Testament of Jesus Christ,,6286,,34357875,,,URL,The Book of Mormon: Another Testament of Jesus Christ,,2020-06-19 23:08:02,Podcast,,2847000,,,,
2021-12-30 22:58:16,50FFC7A86EE85EBC,0173 Helaman 6,,True,,,True,https://mstroud.podomatic.com/enclosure/2020-06-21T18_56_29-07_00.mp3?_=1593787229.14904740,Book of Mormon: Another Testament of Jesus Christ,,6288,,35941712,,,URL,The Book of Mormon: Another Testament of Jesus Christ,,2020-06-22 01:56:29,Podcast,,2720000,,,,
2021-12-30 22:58:16,B5C4AB0AAE47C409,0174 Helaman 7,,True,,,True,https://mstroud.podomatic.com/enclosure/2020-06-23T20_14_16-07_00.mp3?_=1593787242.14908978,Book of Mormon: Another Testament of Jesus Christ,,6290,,34771232,,,URL,The Book of Mormon: Another Testament of Jesus Christ,,2020-06-24 03:14:16,Podcast,,2702000,,,,
2021-12-30 22:58:16,18FA6EE345E694D0,0175 Helaman 8,,True,,,True,https://mstroud.podomatic.com/enclosure/2020-06-26T15_47_16-07_00.mp3?_=1594529715.14915256,Book of Mormon: Another Testament of Jesus Christ,,6292,,26945263,,,URL,The Book of Mormon: Another Testament of Jesus Christ,,2020-06-26 22:47:16,Podcast,,2071000,,,,
2021-12-30 22:58:16,4E11FFC05A3A4DF3,0176 Helaman 9,,True,,,True,https://mstroud.podomatic.com/enclosure/2020-06-28T16_29_03-07_00.mp3?_=1594529792.14918976,Book of Mormon: Another Testament of Jesus Christ,,6294,,26900446,,,URL,The Book of Mormon: Another Testament of Jesus Christ,,2020-06-28 23:29:03,Podcast,,2145000,,,,
2021-12-30 22:58:16,7113012B8005422C,0177 Helaman 10,,True,,,True,https://mstroud.podomatic.com/enclosure/2020-06-30T20_03_16-07_00.mp3?_=1595125644.14923341,Book of Mormon: Another Testament of Jesus Christ,,6296,,29020616,,,URL,The Book of Mormon: Another Testament of Jesus Christ,,2020-07-01 03:03:16,Podcast,,2258000,,,,
2021-12-30 22:58:16,13D3B22D2416F48D,0178 Helaman 11,,True,,,True,https://mstroud.podomatic.com/enclosure/2020-07-01T15_31_02-07_00.mp3?_=1594529874.14925093,Book of Mormon: Another Testament of Jesus Christ,,6298,,32082668,,,URL,The Book of Mormon: Another Testament of Jesus Christ,,2020-07-01 22:31:02,Podcast,,2508000,,,,
2021-12-30 22:58:16,C980B561E499CDE6,0179 Helaman 12,,True,,,True,https://mstroud.podomatic.com/enclosure/2020-07-06T16_45_49-07_00.mp3?_=1595125932.14934665,Book of Mormon: Another Testament of Jesus Christ,,6300,,32104786,,,URL,The Book of Mormon: Another Testament of Jesus Christ,,2020-07-06 23:45:49,Podcast,,2454000,,,,
2021-12-30 22:58:16,81172A4A164935A0,0180 Helaman 13,,True,,,True,https://mstroud.podomatic.com/enclosure/2020-07-08T22_42_47-07_00.mp3?_=1596991728.14939478,Book of Mormon: Another Testament of Jesus Christ,,6302,,40425336,,,URL,The Book of Mormon: Another Testament of Jesus Christ,,2020-07-09 05:42:47,Podcast,,3411000,,,,
2021-12-30 22:58:16,51FF4E629945EABA,0181 Helaman 14,,True,,,True,https://mstroud.podomatic.com/enclosure/2020-07-09T18_37_17-07_00.mp3?_=1596991837.14941686,Book of Mormon: Another Testament of Jesus Christ,,6304,,42978271,,,URL,The Book of Mormon: Another Testament of Jesus Christ,,2020-07-10 01:37:17,Podcast,,3399000,,,,
2021-12-30 22:58:16,73839D2C212688B9,0182 Helaman 15,,True,,,True,https://mstroud.podomatic.com/enclosure/2020-07-12T15_31_41-07_00.mp3?_=1596992695.14946985,Book of Mormon: Another Testament of Jesus Christ,,6306,,25395575,,,URL,The Book of Mormon: Another Testament of Jesus Christ,,2020-07-12 22:31:41,Podcast,,1967000,,,,
2021-12-30 22:58:16,AC5FDA0D33999044,0183 Helaman 16,,True,,,True,https://mstroud.podomatic.com/enclosure/2020-07-14T18_39_47-07_00.mp3?_=1597628286.14951579,Book of Mormon: Another Testament of Jesus Christ,,6308,,33870641,,,URL,The Book of Mormon: Another Testament of Jesus Christ,,2020-07-15 01:39:47,Podcast,,2739000,,,,
2021-12-30 22:58:16,478E7C73B805ACA7,0184 3 Nephi 1,,True,,,True,https://mstroud.podomatic.com/enclosure/2020-07-17T17_30_56-07_00.mp3?_=1597628432.14957537,Book of Mormon: Another Testament of Jesus Christ,,6310,,35333220,,,URL,The Book of Mormon: Another Testament of Jesus Christ,,2020-07-18 00:30:56,Podcast,,2836000,,,,
2021-12-30 22:58:16,D051EB3467383ABA,0185 3 Nephi 2,,True,,,True,https://mstroud.podomatic.com/enclosure/2020-07-19T16_34_30-07_00.mp3?_=1597628512.14960787,Book of Mormon: Another Testament of Jesus Christ,,6312,,26875192,,,URL,The Book of Mormon: Another Testament of Jesus Christ,,2020-07-19 23:34:30,Podcast,,2077000,,,,
2021-12-30 22:58:16,9B5E4D69FA178AA2,Terrorism,,True,,,True,https://mstroud.podomatic.com/enclosure/2020-07-19T17_46_18-07_00.mp3?_=1597628544.14960883,Book of Mormon: Another Testament of Jesus Christ,,6314,,15049165,,,URL,The Book of Mormon: Another Testament of Jesus Christ,,2020-07-20 00:46:18,Podcast,,1140000,,,,
2021-12-30 22:58:16,0335C1915DF834B0,0186 3 Nephi 3,,True,,,True,https://mstroud.podomatic.com/enclosure/2020-07-22T09_39_08-07_00.mp3?_=1597628928.14965947,Book of Mormon: Another Testament of Jesus Christ,,6316,,30585676,,,URL,The Book of Mormon: Another Testament of Jesus Christ,,2020-07-22 16:39:08,Podcast,,2404000,,,,
2021-12-30 22:58:16,31B87AC00046DCCF,0187 3 Nephi 4,,True,,,True,https://mstroud.podomatic.com/enclosure/2020-07-23T15_55_23-07_00.mp3?_=1597628946.14968499,Book of Mormon: Another Testament of Jesus Christ,,6318,,34987381,,,URL,The Book of Mormon: Another Testament of Jesus Christ,,2020-07-23 22:55:23,Podcast,,2721000,,,,
2021-12-30 22:58:16,506B671555DF2F66,0188 3 Nephi 5,,True,,,True,https://mstroud.podomatic.com/enclosure/2020-07-25T19_25_41-07_00.mp3?_=1597629331.14972272,Book of Mormon: Another Testament of Jesus Christ,,6320,,20457359,,,URL,The Book of Mormon: Another Testament of Jesus Christ,,2020-07-26 02:25:41,Podcast,,1623000,,,,
2021-12-30 22:58:16,93A896646FBCA1CD,0189 3 Nephi 6,,True,,,True,https://mstroud.podomatic.com/enclosure/2020-07-26T18_02_29-07_00.mp3?_=1597629778.14974190,Book of Mormon: Another Testament of Jesus Christ,,6322,,36909395,,,URL,The Book of Mormon: Another Testament of Jesus Christ,,2020-07-27 01:02:29,Podcast,,3089000,,,,
2021-12-30 22:58:16,172C090FD6E199CD,0190 3 Nephi 7,,True,,,True,https://mstroud.podomatic.com/enclosure/2020-07-28T18_51_27-07_00.mp3?_=1597629791.14979242,Book of Mormon: Another Testament of Jesus Christ,,6324,,28569038,,,URL,The Book of Mormon: Another Testament of Jesus Christ,,2020-07-29 01:51:27,Podcast,,2410000,,,,
2021-12-30 22:58:16,76B52C6C6B2E0648,0191 3 Nephi 8,,True,,,True,https://mstroud.podomatic.com/enclosure/2020-07-30T11_09_24-07_00.mp3?_=1598720511.14982648,Book of Mormon: Another Testament of Jesus Christ,,6326,,30227892,,,URL,The Book of Mormon: Another Testament of Jesus Christ,,2020-07-30 18:09:24,Podcast,,2411000,,,,
2021-12-30 22:58:16,9268D5C8CED782C1,0192 3 Nephi 9,,True,,,True,https://mstroud.podomatic.com/enclosure/2020-08-02T18_27_31-07_00.mp3?_=1597629909.14988499,Book of Mormon: Another Testament of Jesus Christ,,6328,,35104414,,,URL,The Book of Mormon: Another Testament of Jesus Christ,,2020-08-03 01:27:31,Podcast,,2715000,,,,
2021-12-30 22:58:16,403169D84503FF1E,0193 3 Nephi 10,,True,,,True,https://mstroud.podomatic.com/enclosure/2020-08-05T20_13_23-07_00.mp3?_=1597630035.14994036,Book of Mormon: Another Testament of Jesus Christ,,6330,,23204308,,,URL,The Book of Mormon: Another Testament of Jesus Christ,,2020-08-06 03:13:23,Podcast,,1769000,,,,
2021-12-30 22:58:16,7C5EF0C9E7BB6B1A,0194 3 Nephi 11,,True,,,True,https://mstroud.podomatic.com/enclosure/2020-08-09T19_29_04-07_00.mp3?_=1598028319.15001123,Book of Mormon: Another Testament of Jesus Christ,,6332,,29229644,,,URL,The Book of Mormon: Another Testament of Jesus Christ,,2020-08-10 02:29:04,Podcast,,2310000,,,,
2021-12-30 22:58:16,170BF8D0A857FFA4,0195 3 Nephi 12 Part 1,,True,,,True,https://mstroud.podomatic.com/enclosure/2020-08-11T21_32_50-07_00.mp3?_=1597856443.15005010,Book of Mormon: Another Testament of Jesus Christ,,6334,,39383503,,,URL,The Book of Mormon: Another Testament of Jesus Christ,,2020-08-12 04:32:50,Podcast,,3165000,,,,
2021-12-30 22:58:16,7A946E420C8CC595,0196 3 Nephi 12 P2,,True,,,True,https://mstroud.podomatic.com/enclosure/2020-08-12T19_53_04-07_00.mp3?_=1601859923.15006681,Book of Mormon: Another Testament of Jesus Christ,,6336,,24691663,,,URL,The Book of Mormon: Another Testament of Jesus Christ,,2020-08-13 02:53:04,Podcast,,2024000,,,,
2021-12-30 22:58:16,911E8DCDB0E7431B,0197 3 Nephi 13,,True,,,True,https://mstroud.podomatic.com/enclosure/2020-08-14T20_08_07-07_00.mp3?_=1604497860.15010348,Book of Mormon: Another Testament of Jesus Christ,,6338,,25968919,,,URL,The Book of Mormon: Another Testament of Jesus Christ,,2020-08-15 03:08:07,Podcast,,2015000,,,,
2021-12-30 22:58:16,811CFC5C1AE51E95,0198 3 Nephi 14,,True,,,True,https://mstroud.podomatic.com/enclosure/2020-08-17T20_02_41-07_00.mp3?_=1598985545.15015543,Book of Mormon: Another Testament of Jesus Christ,,6340,,34202862,,,URL,The Book of Mormon: Another Testament of Jesus Christ,,2020-08-18 03:02:41,Podcast,,2638000,,,,
2021-12-30 22:58:16,C4B8957DF397ED8F,0199 3 Nephi 15,,True,,,True,https://mstroud.podomatic.com/enclosure/2020-08-18T18_59_51-07_00.mp3?_=1598987851.15017304,Book of Mormon: Another Testament of Jesus Christ,,6342,,24457911,,,URL,The Book of Mormon: Another Testament of Jesus Christ,,2020-08-19 01:59:51,Podcast,,1905000,,,,
2021-12-30 22:58:16,E5635C9BDEB000A9,0200 3 Nephi 16,,True,,,True,https://mstroud.podomatic.com/enclosure/2020-08-20T21_33_09-07_00.mp3?_=1600030989.15021357,Book of Mormon: Another Testament of Jesus Christ,,6344,,27830484,,,URL,The Book of Mormon: Another Testament of Jesus Christ,,2020-08-21 04:33:09,Podcast,,2178000,,,,
2021-12-30 22:58:16,3122A76B55EA8607,0201 3 Nephi 17,,True,,,True,https://mstroud.podomatic.com/enclosure/2020-08-23T19_00_57-07_00.mp3?_=1600031378.15026428,Book of Mormon: Another Testament of Jesus Christ,,6346,,25948148,,,URL,The Book of Mormon: Another Testament of Jesus Christ,,2020-08-24 02:00:57,Podcast,,2109000,,,,
2021-12-30 22:58:16,A5B5618A5DD043E2,0202 3 Nephi 18,,True,,,True,https://mstroud.podomatic.com/enclosure/2020-08-25T18_51_57-07_00.mp3?_=1600031419.15030264,Book of Mormon: Another Testament of Jesus Christ,,6348,,35622084,,,URL,The Book of Mormon: Another Testament of Jesus Christ,,2020-08-26 01:51:57,Podcast,,2914000,,,,
2021-12-30 22:58:16,650273EF1C510EED,0203 3 Nephi 19,,True,,,True,https://mstroud.podomatic.com/enclosure/2020-08-30T19_45_37-07_00.mp3?_=1600031817.15039193,Book of Mormon: Another Testament of Jesus Christ,,6350,,32269450,,,URL,The Book of Mormon: Another Testament of Jesus Christ,,2020-08-31 02:45:37,Podcast,,2660000,,,,
2021-12-30 22:58:16,28579964AA2BFC45,0204 3 Nephi 20,,True,,,True,https://mstroud.podomatic.com/enclosure/2020-09-01T16_50_52-07_00.mp3?_=1600226373.15042602,Book of Mormon: Another Testament of Jesus Christ,,6352,,48771959,,,URL,The Book of Mormon: Another Testament of Jesus Christ,,2020-09-01 23:50:52,Podcast,,3960000,,,,
2021-12-30 22:58:16,24E29E15DE8DE5B0,0205 3 Nephi 21,,True,,,True,https://mstroud.podomatic.com/enclosure/2020-09-02T21_30_00-07_00.mp3?_=1600226566.15045347,Book of Mormon: Another Testament of Jesus Christ,,6354,,43675365,,,URL,The Book of Mormon: Another Testament of Jesus Christ,,2020-09-03 04:30:00,Podcast,,3517000,,,,
2021-12-30 22:58:16,3C36D965D0C92220,0206 3 Nephi 22,,True,,,True,https://mstroud.podomatic.com/enclosure/2020-09-03T21_32_36-07_00.mp3?_=1600226842.15047224,Book of Mormon: Another Testament of Jesus Christ,,6356,,22537983,,,URL,The Book of Mormon: Another Testament of Jesus Christ,,2020-09-04 04:32:36,Podcast,,1786000,,,,
2021-12-30 22:58:16,4620AF1A2EB80ADD,0207 3 Nephi 23,,True,,,True,https://mstroud.podomatic.com/enclosure/2020-09-08T17_48_10-07_00.mp3?_=1600226818.15055514,Book of Mormon: Another Testament of Jesus Christ,,6358,,18292668,,,URL,The Book of Mormon: Another Testament of Jesus Christ,,2020-09-09 00:48:10,Podcast,,1420000,,,,
2021-12-30 22:58:16,E4622487294ED54C,0208 3 Nephi 24,,True,,,True,https://mstroud.podomatic.com/enclosure/2020-09-09T10_56_52-07_00.mp3?_=1600869151.15057097,Book of Mormon: Another Testament of Jesus Christ,,6360,,21342335,,,URL,The Book of Mormon: Another Testament of Jesus Christ,,2020-09-09 17:56:52,Podcast,,1658000,,,,
2021-12-30 22:58:16,37B91A88619FD03A,0209 3 Nephi 25,,True,,,True,https://mstroud.podomatic.com/enclosure/2020-09-10T19_59_12-07_00.mp3?_=1601093803.15059926,Book of Mormon: Another Testament of Jesus Christ,,6362,,24918880,,,URL,The Book of Mormon: Another Testament of Jesus Christ,,2020-09-11 02:59:12,Podcast,,2037000,,,,
2021-12-30 22:58:16,0A9CBDF16590EF15,0210 3 Nephi 26,,True,,,True,https://mstroud.podomatic.com/enclosure/2020-09-12T15_20_44-07_00.mp3?_=1600869353.15063193,Book of Mormon: Another Testament of Jesus Christ,,6364,,27815502,,,URL,The Book of Mormon: Another Testament of Jesus Christ,,2020-09-12 22:20:44,Podcast,,2027000,,,,
2021-12-30 22:58:16,77DB2C4F1CAB7434,0211 3 Nephi 27,,True,,,True,https://mstroud.podomatic.com/enclosure/2020-09-13T20_51_51-07_00.mp3?_=1602375000.15065027,Book of Mormon: Another Testament of Jesus Christ,,6366,,24865160,,,URL,The Book of Mormon: Another Testament of Jesus Christ,,2020-09-14 03:51:51,Podcast,,1892000,,,,
2021-12-30 22:58:16,AB8E738116B7401B,212 3 Nephi 28,,True,,,True,https://mstroud.podomatic.com/enclosure/2020-09-15T20_33_02-07_00.mp3?_=1601094923.15068823,Book of Mormon: Another Testament of Jesus Christ,,6368,,35436020,,,URL,The Book of Mormon: Another Testament of Jesus Christ,,2020-09-16 03:33:02,Podcast,,2839000,,,,
2021-12-30 22:58:16,597CE9C3D9C91A11,0213 3 Nephi 29,,True,,,True,https://mstroud.podomatic.com/enclosure/2020-09-26T18_21_25-07_00.mp3?_=1601860200.15088676,Book of Mormon: Another Testament of Jesus Christ,,6370,,22593082,,,URL,The Book of Mormon: Another Testament of Jesus Christ,,2020-09-27 01:21:25,Podcast,,1881000,,,,
2021-12-30 22:58:16,06F95386A19C92B1,0214 3 Nephi 30,,True,,,True,https://mstroud.podomatic.com/enclosure/2020-09-26T18_57_44-07_00.mp3?_=1601860274.15088705,Book of Mormon: Another Testament of Jesus Christ,,6372,,3903449,,,URL,The Book of Mormon: Another Testament of Jesus Christ,,2020-09-27 01:57:44,Podcast,,315000,,,,
2021-12-30 22:58:16,EFD85529F38BB181,0215 4 Nephi,,True,,,True,https://mstroud.podomatic.com/enclosure/2020-09-27T20_33_09-07_00.mp3?_=1601860903.15090734,Book of Mormon: Another Testament of Jesus Christ,,6374,,32926747,,,URL,The Book of Mormon: Another Testament of Jesus Christ,,2020-09-28 03:33:09,Podcast,,2670000,,,,
2021-12-30 22:58:16,4D85E631EFF7620F,0216 Mormon 1,,True,,,True,https://mstroud.podomatic.com/enclosure/2020-09-29T21_36_56-07_00.mp3?_=1602384297.15094651,Book of Mormon: Another Testament of Jesus Christ,,6376,,25926559,,,URL,The Book of Mormon: Another Testament of Jesus Christ,,2020-09-30 04:36:56,Podcast,,2131000,,,,
2021-12-30 22:58:16,0917CCF3F19C9AD2,0217 Mormon 2,,True,,,True,https://mstroud.podomatic.com/enclosure/2020-10-01T19_32_36-07_00.mp3?_=1602384284.15098589,Book of Mormon: Another Testament of Jesus Christ,,6378,,23757286,,,URL,The Book of Mormon: Another Testament of Jesus Christ,,2020-10-02 02:32:36,Podcast,,1901000,,,,
2021-12-30 22:58:16,147E3B78FC702913,0218 Mormon 3,,True,,,True,https://mstroud.podomatic.com/enclosure/2020-10-04T12_43_22-07_00.mp3?_=1602901880.15102793,Book of Mormon: Another Testament of Jesus Christ,,6380,,21950262,,,URL,The Book of Mormon: Another Testament of Jesus Christ,,2020-10-04 19:43:22,Podcast,,1715000,,,,
2021-12-30 22:58:16,925CF67E0C5F903A,0219 Mormon 4,,True,,,True,https://mstroud.podomatic.com/enclosure/2020-10-04T18_40_38-07_00.mp3?_=1602902073.15103361,Book of Mormon: Another Testament of Jesus Christ,,6382,,13226766,,,URL,The Book of Mormon: Another Testament of Jesus Christ,,2020-10-05 01:40:38,Podcast,,1047000,,,,
2021-12-30 22:58:16,E1C78858229A1BAD,0220 Mormon 5,,True,,,True,https://mstroud.podomatic.com/enclosure/2020-10-06T19_20_56-07_00.mp3?_=1602902169.15107279,Book of Mormon: Another Testament of Jesus Christ,,6384,,33449034,,,URL,The Book of Mormon: Another Testament of Jesus Christ,,2020-10-07 02:20:56,Podcast,,2818000,,,,
2021-12-30 22:58:16,E2015AD35F5FCD56,0221 Mormon 6,,True,,,True,https://mstroud.podomatic.com/enclosure/2020-10-07T19_23_34-07_00.mp3?_=1602987183.15108962,Book of Mormon: Another Testament of Jesus Christ,,6386,,16408820,,,URL,The Book of Mormon: Another Testament of Jesus Christ,,2020-10-08 02:23:34,Podcast,,1392000,,,,
2021-12-30 22:58:16,1EB022774680B6F3,0223 Mormon 8,,True,,,True,https://mstroud.podomatic.com/enclosure/2020-10-12T17_34_31-07_00.mp3?_=1603856424.15118644,Book of Mormon: Another Testament of Jesus Christ,,6390,,39339993,,,URL,The Book of Mormon: Another Testament of Jesus Christ,,2020-10-13 00:34:31,Podcast,,3126000,,,,
2021-12-30 22:58:16,7D977A3A82DACDEF,0222 Mormon 7 Edited,,True,,,True,https://mstroud.podomatic.com/enclosure/2020-10-13T19_41_37-07_00.mp3?_=1602987170.15120730,Book of Mormon: Another Testament of Jesus Christ,,6388,,14563206,,,URL,The Book of Mormon: Another Testament of Jesus Christ,,2020-10-14 02:41:37,Podcast,,1169000,,,,
2021-12-30 22:58:16,4DF41F9433DB340B,0224 Mormon 9,,True,,,True,https://mstroud.podomatic.com/enclosure/2020-10-15T21_12_51-07_00.mp3?_=1604520033.15124946,Book of Mormon: Another Testament of Jesus Christ,,6392,,50331297,,,URL,The Book of Mormon: Another Testament of Jesus Christ,,2020-10-16 04:12:51,Podcast,,4067000,,,,
2021-12-30 22:58:16,9D9FCA578041863A,0225 Ether 1,,True,,,True,https://mstroud.podomatic.com/enclosure/2020-10-17T17_19_30-07_00.mp3?_=1604000683.15128008,Book of Mormon: Another Testament of Jesus Christ,,6394,,29083911,,,URL,The Book of Mormon: Another Testament of Jesus Christ,,2020-10-18 00:19:30,Podcast,,2199000,,,,
2021-12-30 22:58:16,8B6BD641D9CEACD0,0226 Ether 2,,True,,,True,https://mstroud.podomatic.com/enclosure/2020-10-18T09_41_16-07_00.mp3?_=1604000700.15128818,Book of Mormon: Another Testament of Jesus Christ,,6396,,34117262,,,URL,The Book of Mormon: Another Testament of Jesus Christ,,2020-10-18 16:41:16,Podcast,,265000,,,,
2021-12-30 22:58:16,3FC02965A7417C75,0227 Ether 3,,True,,,True,https://mstroud.podomatic.com/enclosure/2020-10-18T21_21_04-07_00.mp3?_=1604448296.15129826,Book of Mormon: Another Testament of Jesus Christ,,6398,,38392680,,,URL,The Book of Mormon: Another Testament of Jesus Christ,,2020-10-19 04:21:04,Podcast,,3086000,,,,
2021-12-30 22:58:16,D46DD3FFAFF62891,0228 Ether 4,,True,,,True,https://mstroud.podomatic.com/enclosure/2020-10-19T16_49_55-07_00.mp3?_=1604448382.15131734,Book of Mormon: Another Testament of Jesus Christ,,6400,,22100069,,,URL,The Book of Mormon: Another Testament of Jesus Christ,,2020-10-19 23:49:55,Podcast,,1813000,,,,
2021-12-30 22:58:16,8DCEA7F124833E9B,0229 Ether 5,,True,,,True,https://mstroud.podomatic.com/enclosure/2020-10-20T18_43_17-07_00.mp3?_=1604448689.15133870,Book of Mormon: Another Testament of Jesus Christ,,6402,,15097676,,,URL,The Book of Mormon: Another Testament of Jesus Christ,,2020-10-21 01:43:17,Podcast,,1206000,,,,
2021-12-30 22:58:16,A61CB9D0DC0E2FC4,0230 Ether 6,,True,,,True,https://mstroud.podomatic.com/enclosure/2020-10-21T11_28_44-07_00.mp3?_=1604519959.15135293,Book of Mormon: Another Testament of Jesus Christ,,6404,,26716174,,,URL,The Book of Mormon: Another Testament of Jesus Christ,,2020-10-21 18:28:44,Podcast,,2204000,,,,
2021-12-30 22:58:16,761C0C335CE61A89,0231 Ether 7,,True,,,True,https://mstroud.podomatic.com/enclosure/2020-10-22T11_51_55-07_00.mp3?_=1604519976.15137246,Book of Mormon: Another Testament of Jesus Christ,,6406,,14372166,,,URL,The Book of Mormon: Another Testament of Jesus Christ,,2020-10-22 18:51:55,Podcast,,1171000,,,,
2021-12-30 22:58:16,B6BE796AFD4590DF,0232 Ether 8,,True,,,True,https://mstroud.podomatic.com/enclosure/2020-10-23T17_40_46-07_00.mp3?_=1604841289.15138719,Book of Mormon: Another Testament of Jesus Christ,,6408,,49528391,,,URL,The Book of Mormon: Another Testament of Jesus Christ,,2020-10-24 00:40:46,Podcast,,3931000,,,,
2021-12-30 22:58:16,F7FEB7826DB60FC8,0233 Ether 9,,True,,,True,https://mstroud.podomatic.com/enclosure/2020-10-25T20_08_04-07_00.mp3?_=1605320294.15143319,Book of Mormon: Another Testament of Jesus Christ,,6410,,22635806,,,URL,The Book of Mormon: Another Testament of Jesus Christ,,2020-10-26 03:08:04,Podcast,,1823000,,,,
2021-12-30 22:58:16,D09D6D16D4AC3FF7,0234 Ether 10,,True,,,True,https://mstroud.podomatic.com/enclosure/2020-10-26T07_34_39-07_00.mp3?_=1605320465.15144297,Book of Mormon: Another Testament of Jesus Christ,,6412,,20371964,,,URL,The Book of Mormon: Another Testament of Jesus Christ,,2020-10-26 14:34:39,Podcast,,1642000,,,,
2021-12-30 22:58:16,E1C2B682EBF544D0,0235 Ether 11,,True,,,True,https://mstroud.podomatic.com/enclosure/2020-10-27T16_26_21-07_00.mp3?_=1605320543.15147069,Book of Mormon: Another Testament of Jesus Christ,,6414,,11424561,,,URL,The Book of Mormon: Another Testament of Jesus Christ,,2020-10-27 23:26:21,Podcast,,906000,,,,
2021-12-30 22:58:16,A40E518E67542EFB,0236 Ether 12 Part 1,,True,,,True,https://mstroud.podomatic.com/enclosure/2020-10-28T18_44_32-07_00.mp3?_=1605323556.15149266,Book of Mormon: Another Testament of Jesus Christ,,6416,,33847991,,,URL,The Book of Mormon: Another Testament of Jesus Christ,,2020-10-29 01:44:32,Podcast,,2697000,,,,
2021-12-30 22:58:16,A766B73E53F476D7,0237 Ether 12 P2,,True,,,True,https://mstroud.podomatic.com/enclosure/2020-10-29T12_17_10-07_00.mp3?_=1605323593.15150662,Book of Mormon: Another Testament of Jesus Christ,,6418,,26629679,,,URL,The Book of Mormon: Another Testament of Jesus Christ,,2020-10-29 19:17:10,Podcast,,2214000,,,,
2021-12-30 22:58:16,3F27D7D70A9D75E5,0238 Ether 13,,True,,,True,https://mstroud.podomatic.com/enclosure/2020-11-01T18_54_45-08_00.mp3?_=1605320888.15156721,Book of Mormon: Another Testament of Jesus Christ,,6420,,30245982,,,URL,The Book of Mormon: Another Testament of Jesus Christ,,2020-11-02 02:54:45,Podcast,,2440000,,,,
2021-12-30 22:58:16,E34186922EF41FF4,0239 Ether 14,,True,,,True,https://mstroud.podomatic.com/enclosure/2020-11-02T04_22_49-08_00.mp3?_=1606085402.15157477,Book of Mormon: Another Testament of Jesus Christ,,6422,,17180233,,,URL,The Book of Mormon: Another Testament of Jesus Christ,,2020-11-02 12:22:49,Podcast,,1407000,,,,
2021-12-30 22:58:16,C58046ED9FA966F0,0240 Ether 15,,True,,,True,https://mstroud.podomatic.com/enclosure/2020-11-03T11_54_22-08_00.mp3?_=1606698658.15160319,Book of Mormon: Another Testament of Jesus Christ,,6424,,24648597,,,URL,The Book of Mormon: Another Testament of Jesus Christ,,2020-11-03 19:54:22,Podcast,,2014000,,,,
2021-12-30 22:58:16,E44385A8594A6F57,0241 Moroni 1,,True,,,True,https://mstroud.podomatic.com/enclosure/2020-11-05T14_17_10-08_00.mp3?_=1606190333.15164423,Book of Mormon: Another Testament of Jesus Christ,,6426,,17180541,,,URL,The Book of Mormon: Another Testament of Jesus Christ,,2020-11-05 22:17:10,Podcast,,1292000,,,,
2021-12-30 22:58:16,662055069DF93986,0242 Moroni 2,,True,,,True,https://mstroud.podomatic.com/enclosure/2020-11-06T09_07_37-08_00.mp3?_=1606274311.15165774,Book of Mormon: Another Testament of Jesus Christ,,6428,,10551331,,,URL,The Book of Mormon: Another Testament of Jesus Christ,,2020-11-06 17:07:37,Podcast,,832000,,,,
2021-12-30 22:58:16,4E0DE4F158FD7E4F,0243 Moroni 3,,True,,,True,https://mstroud.podomatic.com/enclosure/2020-11-07T13_27_49-08_00.mp3?_=1606274287.15167708,Book of Mormon: Another Testament of Jesus Christ,,6430,,13301495,,,URL,The Book of Mormon: Another Testament of Jesus Christ,,2020-11-07 21:27:49,Podcast,,1033000,,,,
2021-12-30 22:58:16,A136B854C154C15E,0244 Moroni 4,,True,,,True,https://mstroud.podomatic.com/enclosure/2020-11-08T15_44_59-08_00.mp3?_=1606275450.15169661,Book of Mormon: Another Testament of Jesus Christ,,6432,,26788679,,,URL,The Book of Mormon: Another Testament of Jesus Christ,,2020-11-08 23:44:59,Podcast,,2104000,,,,
2021-12-30 22:58:16,F9E0041C36572801,0245 Moroni 5,,True,,,True,https://mstroud.podomatic.com/enclosure/2020-11-10T05_11_47-08_00.mp3?_=1606698633.15173296,Book of Mormon: Another Testament of Jesus Christ,,6434,,10271532,,,URL,The Book of Mormon: Another Testament of Jesus Christ,,2020-11-10 13:11:47,Podcast,,789000,,,,
2021-12-30 22:58:16,9BEEE1FEB995BA0B,0246 Moroni 6,,True,,,True,https://mstroud.podomatic.com/enclosure/2020-11-12T16_31_09-08_00.mp3?_=1606698853.15178579,Book of Mormon: Another Testament of Jesus Christ,,6436,,15861875,,,URL,The Book of Mormon: Another Testament of Jesus Christ,,2020-11-13 00:31:09,Podcast,,1198000,,,,
2021-12-30 22:58:16,F8A969F8A6CB0D6E,0247 Moroni 7 P1,,True,,,True,https://mstroud.podomatic.com/enclosure/2020-11-13T18_11_48-08_00.mp3?_=1606698985.15180496,Book of Mormon: Another Testament of Jesus Christ,,6438,,22827424,,,URL,The Book of Mormon: Another Testament of Jesus Christ,,2020-11-14 02:11:48,Podcast,,1952000,,,,
2021-12-30 22:58:16,AD756023EDBAE9F6,0248 Moroni 7 P2,,True,,,True,https://mstroud.podomatic.com/enclosure/2020-11-16T19_21_50-08_00.mp3?_=1606700930.15185744,Book of Mormon: Another Testament of Jesus Christ,,6440,,48069601,,,URL,The Book of Mormon: Another Testament of Jesus Christ,,2020-11-17 03:21:50,Podcast,,3781000,,,,
2021-12-30 22:58:16,21C069F5C0F87F52,0249 Moroni 8,,True,,,True,https://mstroud.podomatic.com/enclosure/2020-11-18T16_51_56-08_00.mp3?_=1606785941.15189575,Book of Mormon: Another Testament of Jesus Christ,,6442,,38100200,,,URL,The Book of Mormon: Another Testament of Jesus Christ,,2020-11-19 00:51:56,Podcast,,3242000,,,,
2021-12-30 22:58:16,1BD37DE414EE3715,Episode 255: 0250 Moroni 9,,True,,,True,https://mstroud.podomatic.com/enclosure/2020-11-19T16_11_17-08_00.mp3?_=1606786102.15191580,Book of Mormon: Another Testament of Jesus Christ,,6444,,26128819,,,URL,The Book of Mormon: Another Testament of Jesus Christ,,2020-11-20 00:11:17,Podcast,,2078000,,,,
2021-12-30 22:58:16,937A8E9A44BFDF39,Episode 256: 0251 Moroni 10,,True,,,True,https://mstroud.podomatic.com/enclosure/2020-11-22T14_42_58-08_00.mp3?_=1606786221.15196665,Book of Mormon: Another Testament of Jesus Christ,,6446,,46321377,,,URL,The Book of Mormon: Another Testament of Jesus Christ,,2020-11-22 22:42:58,Podcast,,3936000,,,,
2021-12-30 22:58:16,4DE2DE5593136840,Episode 257: Time and Gratitude,,True,,,True,https://mstroud.podomatic.com/enclosure/2020-12-06T18_48_44-08_00.mp3?_=1608313043.15224620,Book of Mormon: Another Testament of Jesus Christ,,6448,,15514657,,,URL,The Book of Mormon: Another Testament of Jesus Christ,,2020-12-07 02:48:44,Podcast,,1199000,,,,
2021-12-30 22:58:16,896A7AE1F5ABF33C,Episode 258: What is Going On?,,True,,,True,https://mstroud.podomatic.com/enclosure/2020-12-09T15_00_14-08_00.mp3?_=1608313075.15230652,Book of Mormon: Another Testament of Jesus Christ,,6450,,19093615,,,URL,The Book of Mormon: Another Testament of Jesus Christ,,2020-12-09 23:00:14,Podcast,,1464000,,,,
2021-12-30 22:58:16,8CEE468297AD43C9,Episode 259: Its Alway Been About the Children,,True,,,True,https://mstroud.podomatic.com/enclosure/2020-12-14T15_25_19-08_00.mp3?_=1607988388.15239718,Book of Mormon: Another Testament of Jesus Christ,,6452,,22664571,,,URL,The Book of Mormon: Another Testament of Jesus Christ,,2020-12-14 23:25:19,Podcast,,1888000,,,,
2021-12-30 22:58:16,53EA530782D0AE42,Episode 260: The Great Awakening,,True,,,True,https://mstroud.podomatic.com/enclosure/2021-01-14T09_04_51-08_00.mp3?_=1610644025.15290610,Book of Mormon: Another Testament of Jesus Christ,,6454,,484425,,,URL,The Book of Mormon: Another Testament of Jesus Christ,,2021-01-14 17:04:51,Podcast,,40000,,,,
2021-12-30 22:58:16,1FF795E26AA5C309,Episode 261: Zion,,True,,,True,https://mstroud.podomatic.com/enclosure/2021-03-07T12_46_47-08_00.mp3?_=1615150063.15394131,Book of Mormon: Another Testament of Jesus Christ,,6456,,19389749,,,URL,The Book of Mormon: Another Testament of Jesus Christ,,2021-03-07 20:46:47,Podcast,,1615000,,,,
2021-12-30 22:58:16,199F0C0DD62C093E,Episode 262: Look and Live,,True,,,True,https://mstroud.podomatic.com/enclosure/2021-05-30T18_33_28-07_00.mp3?_=1622424898.15555753,Book of Mormon: Another Testament of Jesus Christ,,6458,,18966260,,,URL,The Book of Mormon: Another Testament of Jesus Christ,,2021-05-31 01:33:28,Podcast,,1580000,,,,
2021-12-30 22:58:16,D8D05234C6956900,Episode 263: Praise to the Man,,True,,,True,https://mstroud.podomatic.com/enclosure/2021-06-27T17_09_25-07_00.mp3?_=1626059838.15602815,Book of Mormon: Another Testament of Jesus Christ,,6460,,10767164,,,URL,The Book of Mormon: Another Testament of Jesus Christ,,2021-06-28 00:09:25,Podcast,,898000,,,,
2021-12-30 22:58:16,4F32297689F45968,Episode 264: Distraction,,True,,,True,https://mstroud.podomatic.com/enclosure/2021-07-11T16_53_22-07_00.mp3?_=1626047615.15623765,Book of Mormon: Another Testament of Jesus Christ,,6462,,28523154,,,URL,The Book of Mormon: Another Testament of Jesus Christ,,2021-07-11 23:53:22,Podcast,,2103000,,,,
2021-12-30 22:58:16,D1EB50F7E18642CB,Episode 265: Know Him,,True,,,True,https://mstroud.podomatic.com/enclosure/2021-09-26T22_28_18-07_00.mp3?_=1632788694.15739793,Book of Mormon: Another Testament of Jesus Christ,,6464,,11999072,,,URL,The Book of Mormon: Another Testament of Jesus Christ,,2021-09-27 05:28:18,Podcast,,943000,,,,
2021-12-30 22:58:16,11C52CFBD838B58D,Episode 266: Divide and Conquer,,True,,,True,https://mstroud.podomatic.com/enclosure/2021-10-10T15_28_48-07_00.mp3?_=1633904939.15761033,Book of Mormon: Another Testament of Jesus Christ,,6466,,12123246,,,URL,The Book of Mormon: Another Testament of Jesus Christ,,2021-10-10 22:28:48,Podcast,,1004000,,,,
2021-12-30 22:58:16,DE8F2CE7E4694948,Episode 267: Seek the Face of the Lord Always,,True,,,True,https://mstroud.podomatic.com/enclosure/2021-11-04T17_02_06-07_00.mp3?_=1636070540.15801320,Book of Mormon: Another Testament of Jesus Christ,,6468,,22241379,,,URL,The Book of Mormon: Another Testament of Jesus Christ,,2021-11-05 00:02:06,Podcast,,1921000,,,,
2021-12-30 22:58:16,959442916116752C,Episode 268: Peace of the Lord Jesus Christ,,True,,,True,https://mstroud.podomatic.com/enclosure/2021-12-24T14_41_11-08_00.mp3?_=1640385683.15883077,Book of Mormon: Another Testament of Jesus Christ,,6470,,22808451,,,URL,The Book of Mormon: Another Testament of Jesus Christ,,2021-12-24 22:41:11,Podcast,,1789000,,,,
2022-05-21 03:06:51,336876E83A621EFF,Episode 269: So Great A Cause,MPEG audio file,True,95,,True,https://mstroud.podomatic.com/enclosure/2022-04-05T07_34_24-07_00.mp3?_=1649169273.16043467,Book of Mormon: Another Testament of Jesus Christ,,17182,,14780245,1,,URL,The Book of Mormon: Another Testament of Jesus Christ,2022-05-21 03:06:51,2022-04-05 14:34:24,Podcast,44100,1239000,,2022,Mike Stroud,Podcast
2022-05-30 03:06:47,CBF1B477CB5A9A30,"Episode 270: Demons, Devils, and Unclean Spirits",MPEG audio file,True,94,,True,https://mstroud.podomatic.com/enclosure/2022-05-29T17_25_17-07_00.mp3?_=1653870331.16127969,Book of Mormon: Another Testament of Jesus Christ,,17882,,29757041,1,,URL,The Book of Mormon: Another Testament of Jesus Christ,2022-05-30 03:06:47,2022-05-30 00:25:17,Podcast,44100,2531000,,2022,Mike Stroud,Podcast
2023-01-02 01:39:09,82EDDDBD7D981A40,Episode 271: Zion: Part 1 Translation,MPEG audio file,True,96,,True,https://mstroud.podomatic.com/enclosure/2023-01-01T16_03_56-08_00.mp3?_=1673566952.16421351,Book of Mormon: Another Testament of Jesus Christ,,38944,,38647786,1,,URL,The Book of Mormon: Another Testament of Jesus Christ,2023-01-02 01:39:09,2023-01-02 00:03:56,Podcast,22050,3339000,,2023,Mike Stroud,Podcast
2023-01-09 01:39:19,1D8B31005A572E29,Episode 272: Zion: Part 2 Our Personal Zion,MPEG audio file,True,92,,True,https://mstroud.podomatic.com/enclosure/2023-01-08T16_39_00-08_00.mp3?_=1673224747.16429613,Book of Mormon: Another Testament of Jesus Christ,,38950,,24145332,1,,URL,The Book of Mormon: Another Testament of Jesus Christ,2023-01-09 01:39:19,2023-01-09 00:39:00,Podcast,44100,2087000,,2023,Mike Stroud,Podcast
2023-01-16 01:39:04,2990E97E59A7815A,Episode 273: Zion: Part 3 The Great Latter-day Zion,MPEG audio file,True,101,,True,https://mstroud.podomatic.com/enclosure/2023-01-15T15_11_57-08_00.mp3?_=1673824325.16438513,Book of Mormon: Another Testament of Jesus Christ,,38954,,29165754,1,,URL,The Book of Mormon: Another Testament of Jesus Christ,2023-01-16 01:39:04,2023-01-15 23:11:57,Podcast,44100,2309000,,2023,Mike Stroud,Podcast
2023-03-05 04:45:03,7B7E00BC46E10FB2,Episode 274: Babylon Part 1: Discerning Evil,,True,,,True,https://mstroud.podomatic.com/enclosure/2023-01-29T14_28_07-08_00.mp3?_=1675031297.16456832,Book of Mormon: Another Testament of Jesus Christ,,38996,,30232760,,,URL,The Book of Mormon: Another Testament of Jesus Christ,,2023-01-29 22:28:07,Podcast,,2425000,,,,
2023-03-05 04:45:04,5F9D423555FC9F57,Episode 275: Babylon: Part 2 Avoiding Evil,MPEG audio file,True,94,,True,https://mstroud.podomatic.com/enclosure/2023-02-05T15_31_52-08_00.mp3?_=1675639919.16465945,Book of Mormon: Another Testament of Jesus Christ,,38998,,19009637,1,,URL,The Book of Mormon: Another Testament of Jesus Christ,2023-03-05 04:45:04,2023-02-05 23:31:52,Podcast,44100,1603000,,2023,Mike Stroud,Podcast
2023-03-05 04:45:06,DCD81C810068F74C,Episode 276: Babylon Part 3: Escaping Evil,MPEG audio file,True,93,2023-07-06 20:25:12,,file://localhost/C:/Users/bruce/Music/iTunes/iTunes Media/Podcasts/The Book of Mormon_ Another Testament of/Episode 276_ Babylon Part 3_ Escapin.mp3,Book of Mormon: Another Testament of Jesus Christ,4,39006,,22805328,1,1,File,The Book of Mormon: Another Testament of Jesus Christ,2023-03-05 04:45:06,2023-02-12 22:40:25,Podcast,44100,1898553,3771498312,2023,Mike Stroud,Podcast
2023-03-05 04:45:07,C2609A147FE8462C,Episode 277: The Acceptable Year of the Lord,MPEG audio file,True,97,2023-07-06 20:24:53,,https://mstroud.podomatic.com/enclosure/2023-02-26T14_27_19-08_00.mp3?_=1677450446.16494703,Book of Mormon: Another Testament of Jesus Christ,,39010,1,25597012,1,,URL,The Book of Mormon: Another Testament of Jesus Christ,2023-03-05 04:45:07,2023-02-26 22:27:19,Podcast,44100,2104000,3771498293,2023,Mike Stroud,Podcast
